Date (GMT+2),DE (TenneT) Load decrease (current-induced)
,Energy (MWh)
2024-05-01T00:00+02:00,-62.5
2024-05-01T00:15+02:00,-62.5
2024-05-01T00:30+02:00,-62.5
2024-05-01T00:45+02:00,-62.5
2024-05-01T01:00+02:00,-62.5
2024-05-01T01:15+02:00,-62.5
2024-05-01T01:30+02:00,-62.5
2024-05-01T01:45+02:00,-62.5
2024-05-01T02:00+02:00,-62.5
2024-05-01T02:15+02:00,-62.5
2024-05-01T02:30+02:00,-62.5
2024-05-01T02:45+02:00,-62.5
2024-05-01T03:00+02:00,-62.5
2024-05-01T03:15+02:00,-62.5
2024-05-01T03:30+02:00,-62.5
2024-05-01T03:45+02:00,-62.5
2024-05-01T04:00+02:00,-62.5
2024-05-01T04:15+02:00,-62.5
2024-05-01T04:30+02:00,-62.5
2024-05-01T04:45+02:00,-62.5
2024-05-01T05:00+02:00,-62.5
2024-05-01T05:15+02:00,-62.5
2024-05-01T05:30+02:00,-62.5
2024-05-01T05:45+02:00,-62.5
2024-05-01T06:00+02:00,-62.5
2024-05-01T06:15+02:00,-62.5
2024-05-01T06:30+02:00,-62.5
2024-05-01T06:45+02:00,-62.5
2024-05-01T07:00+02:00,-25
2024-05-01T07:15+02:00,-10
2024-05-01T07:30+02:00,
2024-05-01T07:45+02:00,
2024-05-01T08:00+02:00,
2024-05-01T08:15+02:00,
2024-05-01T08:30+02:00,
2024-05-01T08:45+02:00,
2024-05-01T09:00+02:00,-50
2024-05-01T09:15+02:00,-50
2024-05-01T09:30+02:00,-75
2024-05-01T09:45+02:00,-75
2024-05-01T10:00+02:00,-175.75
2024-05-01T10:15+02:00,-263.25
2024-05-01T10:30+02:00,-263.25
2024-05-01T10:45+02:00,-263.25
2024-05-01T11:00+02:00,-213.25
2024-05-01T11:15+02:00,-213.25
2024-05-01T11:30+02:00,-213.25
2024-05-01T11:45+02:00,-213.25
2024-05-01T12:00+02:00,-238.25
2024-05-01T12:15+02:00,-238.25
2024-05-01T12:30+02:00,-238.25
2024-05-01T12:45+02:00,-238.25
2024-05-01T13:00+02:00,-163
2024-05-01T13:15+02:00,-163
2024-05-01T13:30+02:00,-163
2024-05-01T13:45+02:00,-163
2024-05-01T14:00+02:00,-0.5
2024-05-01T14:15+02:00,-0.5
2024-05-01T14:30+02:00,-0.5
2024-05-01T14:45+02:00,-0.5
2024-05-01T15:00+02:00,-0.75
2024-05-01T15:15+02:00,-0.75
2024-05-01T15:30+02:00,-0.75
2024-05-01T15:45+02:00,-0.75
2024-05-01T16:00+02:00,-0.75
2024-05-01T16:15+02:00,-0.75
2024-05-01T16:30+02:00,-0.75
2024-05-01T16:45+02:00,-0.75
2024-05-01T17:00+02:00,-0.75
2024-05-01T17:15+02:00,-0.75
2024-05-01T17:30+02:00,-0.75
2024-05-01T17:45+02:00,-0.75
2024-05-01T18:00+02:00,-204.75
2024-05-01T18:15+02:00,-204.6825
2024-05-01T18:30+02:00,-199.7675
2024-05-01T18:45+02:00,-169.755
2024-05-01T19:00+02:00,-99.05
2024-05-01T19:15+02:00,-99.5425
2024-05-01T19:30+02:00,-99.4825
2024-05-01T19:45+02:00,-43.0575
2024-05-01T20:00+02:00,-3.41
2024-05-01T20:15+02:00,-3.4
2024-05-01T20:30+02:00,-16.06
2024-05-01T20:45+02:00,-15.92
2024-05-01T21:00+02:00,-88.95
2024-05-01T21:15+02:00,-95.165
2024-05-01T21:30+02:00,-95.245
2024-05-01T21:45+02:00,-87.7275
2024-05-01T22:00+02:00,-100
2024-05-01T22:15+02:00,-100
2024-05-01T22:30+02:00,-100
2024-05-01T22:45+02:00,-100
2024-05-01T23:00+02:00,-209.56
2024-05-01T23:15+02:00,-272.42
2024-05-01T23:30+02:00,-277.5075
2024-05-01T23:45+02:00,-277.435
2024-05-02T00:00+02:00,-123.5
2024-05-02T00:15+02:00,-123.5
2024-05-02T00:30+02:00,-123.5
2024-05-02T00:45+02:00,-123.5
2024-05-02T01:00+02:00,-83.25
2024-05-02T01:15+02:00,-83.25
2024-05-02T01:30+02:00,-83.25
2024-05-02T01:45+02:00,-83.25
2024-05-02T02:00+02:00,-83.25
2024-05-02T02:15+02:00,-83.25
2024-05-02T02:30+02:00,-83.25
2024-05-02T02:45+02:00,-83.25
2024-05-02T03:00+02:00,-83.25
2024-05-02T03:15+02:00,-83.25
2024-05-02T03:30+02:00,-58.25
2024-05-02T03:45+02:00,-58.25
2024-05-02T04:00+02:00,-62.5
2024-05-02T04:15+02:00,-62.5
2024-05-02T04:30+02:00,-62.5
2024-05-02T04:45+02:00,-62.5
2024-05-02T05:00+02:00,-69.75
2024-05-02T05:15+02:00,-69.75
2024-05-02T05:30+02:00,-69.75
2024-05-02T05:45+02:00,-69.75
2024-05-02T06:00+02:00,-194.5
2024-05-02T06:15+02:00,-194.5
2024-05-02T06:30+02:00,-194.5
2024-05-02T06:45+02:00,-194.5
2024-05-02T07:00+02:00,-195.75
2024-05-02T07:15+02:00,-195.75
2024-05-02T07:30+02:00,-195.75
2024-05-02T07:45+02:00,-220.75
2024-05-02T08:00+02:00,-228
2024-05-02T08:15+02:00,-228
2024-05-02T08:30+02:00,-228
2024-05-02T08:45+02:00,-228
2024-05-02T09:00+02:00,-265.75
2024-05-02T09:15+02:00,-278.25
2024-05-02T09:30+02:00,-278.25
2024-05-02T09:45+02:00,-258.25
2024-05-02T10:00+02:00,-257.5
2024-05-02T10:15+02:00,-257.5
2024-05-02T10:30+02:00,-257.5
2024-05-02T10:45+02:00,-257.5
2024-05-02T11:00+02:00,-218.25
2024-05-02T11:15+02:00,-218.25
2024-05-02T11:30+02:00,-218.25
2024-05-02T11:45+02:00,-218.25
2024-05-02T12:00+02:00,-351
2024-05-02T12:15+02:00,-341.75
2024-05-02T12:30+02:00,-345.5
2024-05-02T12:45+02:00,-357.25
2024-05-02T13:00+02:00,-310.25
2024-05-02T13:15+02:00,-310.25
2024-05-02T13:30+02:00,-330.25
2024-05-02T13:45+02:00,-330.25
2024-05-02T14:00+02:00,-358.75
2024-05-02T14:15+02:00,-359.5
2024-05-02T14:30+02:00,-359.5
2024-05-02T14:45+02:00,-423.44
2024-05-02T15:00+02:00,-358.20725
2024-05-02T15:15+02:00,-360.9115
2024-05-02T15:30+02:00,-363.441
2024-05-02T15:45+02:00,-353.2195
2024-05-02T16:00+02:00,-377.70375
2024-05-02T16:15+02:00,-361.95925
2024-05-02T16:30+02:00,-386.2505
2024-05-02T16:45+02:00,-385.357
2024-05-02T17:00+02:00,-295.90225
2024-05-02T17:15+02:00,-293.943
2024-05-02T17:30+02:00,-291.70575
2024-05-02T17:45+02:00,-439.72475
2024-05-02T18:00+02:00,-578.684
2024-05-02T18:15+02:00,-562.5865
2024-05-02T18:30+02:00,-556.3265
2024-05-02T18:45+02:00,-556.2435
2024-05-02T19:00+02:00,-567.76975
2024-05-02T19:15+02:00,-453.064
2024-05-02T19:30+02:00,-393.697
2024-05-02T19:45+02:00,-363.25
2024-05-02T20:00+02:00,-216.5
2024-05-02T20:15+02:00,-221
2024-05-02T20:30+02:00,-137
2024-05-02T20:45+02:00,-137
2024-05-02T21:00+02:00,-128.5
2024-05-02T21:15+02:00,-128.5
2024-05-02T21:30+02:00,-128.5
2024-05-02T21:45+02:00,-128.5
2024-05-02T22:00+02:00,-112
2024-05-02T22:15+02:00,-112
2024-05-02T22:30+02:00,-112
2024-05-02T22:45+02:00,-112
2024-05-02T23:00+02:00,-114
2024-05-02T23:15+02:00,-106.5
2024-05-02T23:30+02:00,-99
2024-05-02T23:45+02:00,-99
2024-05-03T00:00+02:00,
2024-05-03T00:15+02:00,
2024-05-03T00:30+02:00,
2024-05-03T00:45+02:00,
2024-05-03T01:00+02:00,
2024-05-03T01:15+02:00,
2024-05-03T01:30+02:00,
2024-05-03T01:45+02:00,
2024-05-03T02:00+02:00,
2024-05-03T02:15+02:00,
2024-05-03T02:30+02:00,
2024-05-03T02:45+02:00,
2024-05-03T03:00+02:00,
2024-05-03T03:15+02:00,
2024-05-03T03:30+02:00,
2024-05-03T03:45+02:00,
2024-05-03T04:00+02:00,
2024-05-03T04:15+02:00,
2024-05-03T04:30+02:00,
2024-05-03T04:45+02:00,
2024-05-03T05:00+02:00,
2024-05-03T05:15+02:00,
2024-05-03T05:30+02:00,
2024-05-03T05:45+02:00,
2024-05-03T06:00+02:00,
2024-05-03T06:15+02:00,
2024-05-03T06:30+02:00,
2024-05-03T06:45+02:00,
2024-05-03T07:00+02:00,
2024-05-03T07:15+02:00,
2024-05-03T07:30+02:00,
2024-05-03T07:45+02:00,
2024-05-03T08:00+02:00,
2024-05-03T08:15+02:00,
2024-05-03T08:30+02:00,
2024-05-03T08:45+02:00,
2024-05-03T09:00+02:00,
2024-05-03T09:15+02:00,
2024-05-03T09:30+02:00,
2024-05-03T09:45+02:00,
2024-05-03T10:00+02:00,
2024-05-03T10:15+02:00,
2024-05-03T10:30+02:00,
2024-05-03T10:45+02:00,
2024-05-03T11:00+02:00,
2024-05-03T11:15+02:00,
2024-05-03T11:30+02:00,
2024-05-03T11:45+02:00,
2024-05-03T12:00+02:00,
2024-05-03T12:15+02:00,
2024-05-03T12:30+02:00,
2024-05-03T12:45+02:00,
2024-05-03T13:00+02:00,
2024-05-03T13:15+02:00,
2024-05-03T13:30+02:00,
2024-05-03T13:45+02:00,
2024-05-03T14:00+02:00,
2024-05-03T14:15+02:00,
2024-05-03T14:30+02:00,
2024-05-03T14:45+02:00,
2024-05-03T15:00+02:00,
2024-05-03T15:15+02:00,
2024-05-03T15:30+02:00,
2024-05-03T15:45+02:00,
2024-05-03T16:00+02:00,
2024-05-03T16:15+02:00,
2024-05-03T16:30+02:00,
2024-05-03T16:45+02:00,
2024-05-03T17:00+02:00,
2024-05-03T17:15+02:00,
2024-05-03T17:30+02:00,
2024-05-03T17:45+02:00,
2024-05-03T18:00+02:00,
2024-05-03T18:15+02:00,
2024-05-03T18:30+02:00,
2024-05-03T18:45+02:00,
2024-05-03T19:00+02:00,
2024-05-03T19:15+02:00,
2024-05-03T19:30+02:00,
2024-05-03T19:45+02:00,
2024-05-03T20:00+02:00,
2024-05-03T20:15+02:00,
2024-05-03T20:30+02:00,
2024-05-03T20:45+02:00,
2024-05-03T21:00+02:00,
2024-05-03T21:15+02:00,
2024-05-03T21:30+02:00,
2024-05-03T21:45+02:00,
2024-05-03T22:00+02:00,
2024-05-03T22:15+02:00,
2024-05-03T22:30+02:00,
2024-05-03T22:45+02:00,
2024-05-03T23:00+02:00,
2024-05-03T23:15+02:00,
2024-05-03T23:30+02:00,
2024-05-03T23:45+02:00,
2024-05-04T00:00+02:00,
2024-05-04T00:15+02:00,
2024-05-04T00:30+02:00,
2024-05-04T00:45+02:00,
2024-05-04T01:00+02:00,
2024-05-04T01:15+02:00,
2024-05-04T01:30+02:00,
2024-05-04T01:45+02:00,
2024-05-04T02:00+02:00,
2024-05-04T02:15+02:00,
2024-05-04T02:30+02:00,
2024-05-04T02:45+02:00,
2024-05-04T03:00+02:00,
2024-05-04T03:15+02:00,
2024-05-04T03:30+02:00,
2024-05-04T03:45+02:00,
2024-05-04T04:00+02:00,
2024-05-04T04:15+02:00,
2024-05-04T04:30+02:00,
2024-05-04T04:45+02:00,
2024-05-04T05:00+02:00,
2024-05-04T05:15+02:00,
2024-05-04T05:30+02:00,
2024-05-04T05:45+02:00,
2024-05-04T06:00+02:00,
2024-05-04T06:15+02:00,
2024-05-04T06:30+02:00,
2024-05-04T06:45+02:00,
2024-05-04T07:00+02:00,
2024-05-04T07:15+02:00,
2024-05-04T07:30+02:00,
2024-05-04T07:45+02:00,
2024-05-04T08:00+02:00,
2024-05-04T08:15+02:00,
2024-05-04T08:30+02:00,
2024-05-04T08:45+02:00,
2024-05-04T09:00+02:00,-125
2024-05-04T09:15+02:00,-125
2024-05-04T09:30+02:00,-125
2024-05-04T09:45+02:00,-125
2024-05-04T10:00+02:00,-125
2024-05-04T10:15+02:00,-125
2024-05-04T10:30+02:00,-125
2024-05-04T10:45+02:00,-125
2024-05-04T11:00+02:00,-125
2024-05-04T11:15+02:00,-125
2024-05-04T11:30+02:00,-125
2024-05-04T11:45+02:00,-125
2024-05-04T12:00+02:00,-125
2024-05-04T12:15+02:00,-125
2024-05-04T12:30+02:00,-125
2024-05-04T12:45+02:00,-125
2024-05-04T13:00+02:00,-125
2024-05-04T13:15+02:00,-125
2024-05-04T13:30+02:00,-125
2024-05-04T13:45+02:00,-125
2024-05-04T14:00+02:00,-125
2024-05-04T14:15+02:00,-125
2024-05-04T14:30+02:00,-125
2024-05-04T14:45+02:00,-125
2024-05-04T15:00+02:00,-125
2024-05-04T15:15+02:00,-125
2024-05-04T15:30+02:00,-125
2024-05-04T15:45+02:00,-125
2024-05-04T16:00+02:00,-125
2024-05-04T16:15+02:00,-125
2024-05-04T16:30+02:00,-125
2024-05-04T16:45+02:00,-125
2024-05-04T17:00+02:00,
2024-05-04T17:15+02:00,
2024-05-04T17:30+02:00,
2024-05-04T17:45+02:00,
2024-05-04T18:00+02:00,
2024-05-04T18:15+02:00,
2024-05-04T18:30+02:00,
2024-05-04T18:45+02:00,
2024-05-04T19:00+02:00,
2024-05-04T19:15+02:00,
2024-05-04T19:30+02:00,
2024-05-04T19:45+02:00,
2024-05-04T20:00+02:00,
2024-05-04T20:15+02:00,
2024-05-04T20:30+02:00,
2024-05-04T20:45+02:00,
2024-05-04T21:00+02:00,
2024-05-04T21:15+02:00,
2024-05-04T21:30+02:00,
2024-05-04T21:45+02:00,
2024-05-04T22:00+02:00,
2024-05-04T22:15+02:00,
2024-05-04T22:30+02:00,
2024-05-04T22:45+02:00,
2024-05-04T23:00+02:00,
2024-05-04T23:15+02:00,
2024-05-04T23:30+02:00,
2024-05-04T23:45+02:00,
2024-05-05T00:00+02:00,
2024-05-05T00:15+02:00,
2024-05-05T00:30+02:00,
2024-05-05T00:45+02:00,
2024-05-05T01:00+02:00,
2024-05-05T01:15+02:00,
2024-05-05T01:30+02:00,
2024-05-05T01:45+02:00,
2024-05-05T02:00+02:00,
2024-05-05T02:15+02:00,
2024-05-05T02:30+02:00,
2024-05-05T02:45+02:00,
2024-05-05T03:00+02:00,
2024-05-05T03:15+02:00,
2024-05-05T03:30+02:00,
2024-05-05T03:45+02:00,
2024-05-05T04:00+02:00,
2024-05-05T04:15+02:00,
2024-05-05T04:30+02:00,
2024-05-05T04:45+02:00,
2024-05-05T05:00+02:00,
2024-05-05T05:15+02:00,
2024-05-05T05:30+02:00,
2024-05-05T05:45+02:00,
2024-05-05T06:00+02:00,
2024-05-05T06:15+02:00,
2024-05-05T06:30+02:00,
2024-05-05T06:45+02:00,
2024-05-05T07:00+02:00,
2024-05-05T07:15+02:00,
2024-05-05T07:30+02:00,
2024-05-05T07:45+02:00,
2024-05-05T08:00+02:00,
2024-05-05T08:15+02:00,
2024-05-05T08:30+02:00,
2024-05-05T08:45+02:00,
2024-05-05T09:00+02:00,-112.5
2024-05-05T09:15+02:00,-112.5
2024-05-05T09:30+02:00,-112.5
2024-05-05T09:45+02:00,-112.5
2024-05-05T10:00+02:00,-137.5
2024-05-05T10:15+02:00,-137.5
2024-05-05T10:30+02:00,-137.5
2024-05-05T10:45+02:00,-137.5
2024-05-05T11:00+02:00,-137.5
2024-05-05T11:15+02:00,-137.5
2024-05-05T11:30+02:00,-137.5
2024-05-05T11:45+02:00,-137.5
2024-05-05T12:00+02:00,-217.5
2024-05-05T12:15+02:00,-217.5
2024-05-05T12:30+02:00,-217.5
2024-05-05T12:45+02:00,-217.5
2024-05-05T13:00+02:00,-217.5
2024-05-05T13:15+02:00,-225
2024-05-05T13:30+02:00,-237.5
2024-05-05T13:45+02:00,-238.75
2024-05-05T14:00+02:00,-225
2024-05-05T14:15+02:00,-235
2024-05-05T14:30+02:00,-260
2024-05-05T14:45+02:00,-260
2024-05-05T15:00+02:00,-245
2024-05-05T15:15+02:00,-242.5
2024-05-05T15:30+02:00,-242.5
2024-05-05T15:45+02:00,-242.5
2024-05-05T16:00+02:00,-30
2024-05-05T16:15+02:00,-30
2024-05-05T16:30+02:00,-30
2024-05-05T16:45+02:00,-30
2024-05-05T17:00+02:00,-30
2024-05-05T17:15+02:00,-30
2024-05-05T17:30+02:00,-30
2024-05-05T17:45+02:00,-20
2024-05-05T18:00+02:00,
2024-05-05T18:15+02:00,
2024-05-05T18:30+02:00,
2024-05-05T18:45+02:00,
2024-05-05T19:00+02:00,
2024-05-05T19:15+02:00,-12.5
2024-05-05T19:30+02:00,-17.5
2024-05-05T19:45+02:00,-17.5
2024-05-05T20:00+02:00,-17.5
2024-05-05T20:15+02:00,-17.5
2024-05-05T20:30+02:00,-117.5
2024-05-05T20:45+02:00,-217.5
2024-05-05T21:00+02:00,-217.5
2024-05-05T21:15+02:00,-267.5
2024-05-05T21:30+02:00,-317.5
2024-05-05T21:45+02:00,-300
2024-05-05T22:00+02:00,-300
2024-05-05T22:15+02:00,-300
2024-05-05T22:30+02:00,-300
2024-05-05T22:45+02:00,-300
2024-05-05T23:00+02:00,-300
2024-05-05T23:15+02:00,-300
2024-05-05T23:30+02:00,-300
2024-05-05T23:45+02:00,-300
2024-05-06T00:00+02:00,-150
2024-05-06T00:15+02:00,
2024-05-06T00:30+02:00,
2024-05-06T00:45+02:00,
2024-05-06T01:00+02:00,
2024-05-06T01:15+02:00,
2024-05-06T01:30+02:00,
2024-05-06T01:45+02:00,
2024-05-06T02:00+02:00,
2024-05-06T02:15+02:00,
2024-05-06T02:30+02:00,
2024-05-06T02:45+02:00,
2024-05-06T03:00+02:00,
2024-05-06T03:15+02:00,
2024-05-06T03:30+02:00,
2024-05-06T03:45+02:00,
2024-05-06T04:00+02:00,
2024-05-06T04:15+02:00,
2024-05-06T04:30+02:00,
2024-05-06T04:45+02:00,
2024-05-06T05:00+02:00,
2024-05-06T05:15+02:00,
2024-05-06T05:30+02:00,
2024-05-06T05:45+02:00,
2024-05-06T06:00+02:00,
2024-05-06T06:15+02:00,
2024-05-06T06:30+02:00,
2024-05-06T06:45+02:00,
2024-05-06T07:00+02:00,
2024-05-06T07:15+02:00,
2024-05-06T07:30+02:00,
2024-05-06T07:45+02:00,
2024-05-06T08:00+02:00,
2024-05-06T08:15+02:00,
2024-05-06T08:30+02:00,
2024-05-06T08:45+02:00,
2024-05-06T09:00+02:00,
2024-05-06T09:15+02:00,
2024-05-06T09:30+02:00,-75
2024-05-06T09:45+02:00,-75
2024-05-06T10:00+02:00,-75
2024-05-06T10:15+02:00,-75
2024-05-06T10:30+02:00,-75
2024-05-06T10:45+02:00,-75
2024-05-06T11:00+02:00,-75
2024-05-06T11:15+02:00,-75
2024-05-06T11:30+02:00,-75
2024-05-06T11:45+02:00,-75
2024-05-06T12:00+02:00,-100
2024-05-06T12:15+02:00,-100
2024-05-06T12:30+02:00,-132.5
2024-05-06T12:45+02:00,-132.5
2024-05-06T13:00+02:00,-132.5
2024-05-06T13:15+02:00,-132.5
2024-05-06T13:30+02:00,-132.5
2024-05-06T13:45+02:00,-132.5
2024-05-06T14:00+02:00,-75
2024-05-06T14:15+02:00,-75
2024-05-06T14:30+02:00,-75
2024-05-06T14:45+02:00,-75
2024-05-06T15:00+02:00,
2024-05-06T15:15+02:00,
2024-05-06T15:30+02:00,
2024-05-06T15:45+02:00,
2024-05-06T16:00+02:00,
2024-05-06T16:15+02:00,
2024-05-06T16:30+02:00,
2024-05-06T16:45+02:00,
2024-05-06T17:00+02:00,
2024-05-06T17:15+02:00,
2024-05-06T17:30+02:00,
2024-05-06T17:45+02:00,
2024-05-06T18:00+02:00,
2024-05-06T18:15+02:00,
2024-05-06T18:30+02:00,
2024-05-06T18:45+02:00,
2024-05-06T19:00+02:00,
2024-05-06T19:15+02:00,
2024-05-06T19:30+02:00,
2024-05-06T19:45+02:00,
2024-05-06T20:00+02:00,
2024-05-06T20:15+02:00,
2024-05-06T20:30+02:00,
2024-05-06T20:45+02:00,
2024-05-06T21:00+02:00,
2024-05-06T21:15+02:00,
2024-05-06T21:30+02:00,
2024-05-06T21:45+02:00,
2024-05-06T22:00+02:00,
2024-05-06T22:15+02:00,
2024-05-06T22:30+02:00,
2024-05-06T22:45+02:00,
2024-05-06T23:00+02:00,
2024-05-06T23:15+02:00,
2024-05-06T23:30+02:00,
2024-05-06T23:45+02:00,
2024-05-07T00:00+02:00,
2024-05-07T00:15+02:00,
2024-05-07T00:30+02:00,
2024-05-07T00:45+02:00,
2024-05-07T01:00+02:00,
2024-05-07T01:15+02:00,
2024-05-07T01:30+02:00,
2024-05-07T01:45+02:00,
2024-05-07T02:00+02:00,
2024-05-07T02:15+02:00,
2024-05-07T02:30+02:00,
2024-05-07T02:45+02:00,
2024-05-07T03:00+02:00,
2024-05-07T03:15+02:00,
2024-05-07T03:30+02:00,
2024-05-07T03:45+02:00,
2024-05-07T04:00+02:00,
2024-05-07T04:15+02:00,
2024-05-07T04:30+02:00,
2024-05-07T04:45+02:00,
2024-05-07T05:00+02:00,-13.25
2024-05-07T05:15+02:00,-13.25
2024-05-07T05:30+02:00,-13.25
2024-05-07T05:45+02:00,-13.25
2024-05-07T06:00+02:00,
2024-05-07T06:15+02:00,
2024-05-07T06:30+02:00,
2024-05-07T06:45+02:00,
2024-05-07T07:00+02:00,
2024-05-07T07:15+02:00,
2024-05-07T07:30+02:00,
2024-05-07T07:45+02:00,
2024-05-07T08:00+02:00,
2024-05-07T08:15+02:00,
2024-05-07T08:30+02:00,
2024-05-07T08:45+02:00,
2024-05-07T09:00+02:00,
2024-05-07T09:15+02:00,
2024-05-07T09:30+02:00,
2024-05-07T09:45+02:00,
2024-05-07T10:00+02:00,
2024-05-07T10:15+02:00,
2024-05-07T10:30+02:00,
2024-05-07T10:45+02:00,
2024-05-07T11:00+02:00,-5.5
2024-05-07T11:15+02:00,-5.5
2024-05-07T11:30+02:00,
2024-05-07T11:45+02:00,
2024-05-07T12:00+02:00,
2024-05-07T12:15+02:00,
2024-05-07T12:30+02:00,
2024-05-07T12:45+02:00,
2024-05-07T13:00+02:00,
2024-05-07T13:15+02:00,
2024-05-07T13:30+02:00,
2024-05-07T13:45+02:00,
2024-05-07T14:00+02:00,
2024-05-07T14:15+02:00,
2024-05-07T14:30+02:00,
2024-05-07T14:45+02:00,
2024-05-07T15:00+02:00,
2024-05-07T15:15+02:00,
2024-05-07T15:30+02:00,
2024-05-07T15:45+02:00,
2024-05-07T16:00+02:00,
2024-05-07T16:15+02:00,
2024-05-07T16:30+02:00,
2024-05-07T16:45+02:00,
2024-05-07T17:00+02:00,
2024-05-07T17:15+02:00,
2024-05-07T17:30+02:00,
2024-05-07T17:45+02:00,
2024-05-07T18:00+02:00,
2024-05-07T18:15+02:00,-1.875
2024-05-07T18:30+02:00,-5.625
2024-05-07T18:45+02:00,-15.75
2024-05-07T19:00+02:00,
2024-05-07T19:15+02:00,
2024-05-07T19:30+02:00,
2024-05-07T19:45+02:00,
2024-05-07T20:00+02:00,
2024-05-07T20:15+02:00,
2024-05-07T20:30+02:00,
2024-05-07T20:45+02:00,
2024-05-07T21:00+02:00,
2024-05-07T21:15+02:00,
2024-05-07T21:30+02:00,
2024-05-07T21:45+02:00,
2024-05-07T22:00+02:00,-27.675
2024-05-07T22:15+02:00,-12.875
2024-05-07T22:30+02:00,-2.75
2024-05-07T22:45+02:00,
2024-05-07T23:00+02:00,
2024-05-07T23:15+02:00,
2024-05-07T23:30+02:00,
2024-05-07T23:45+02:00,
2024-05-08T00:00+02:00,
2024-05-08T00:15+02:00,
2024-05-08T00:30+02:00,
2024-05-08T00:45+02:00,
2024-05-08T01:00+02:00,
2024-05-08T01:15+02:00,
2024-05-08T01:30+02:00,
2024-05-08T01:45+02:00,
2024-05-08T02:00+02:00,
2024-05-08T02:15+02:00,
2024-05-08T02:30+02:00,
2024-05-08T02:45+02:00,
2024-05-08T03:00+02:00,
2024-05-08T03:15+02:00,
2024-05-08T03:30+02:00,
2024-05-08T03:45+02:00,
2024-05-08T04:00+02:00,
2024-05-08T04:15+02:00,
2024-05-08T04:30+02:00,
2024-05-08T04:45+02:00,
2024-05-08T05:00+02:00,
2024-05-08T05:15+02:00,
2024-05-08T05:30+02:00,
2024-05-08T05:45+02:00,
2024-05-08T06:00+02:00,
2024-05-08T06:15+02:00,
2024-05-08T06:30+02:00,
2024-05-08T06:45+02:00,
2024-05-08T07:00+02:00,
2024-05-08T07:15+02:00,
2024-05-08T07:30+02:00,
2024-05-08T07:45+02:00,
2024-05-08T08:00+02:00,
2024-05-08T08:15+02:00,
2024-05-08T08:30+02:00,
2024-05-08T08:45+02:00,
2024-05-08T09:00+02:00,
2024-05-08T09:15+02:00,
2024-05-08T09:30+02:00,
2024-05-08T09:45+02:00,
2024-05-08T10:00+02:00,
2024-05-08T10:15+02:00,
2024-05-08T10:30+02:00,
2024-05-08T10:45+02:00,
2024-05-08T11:00+02:00,-0.75
2024-05-08T11:15+02:00,-0.75
2024-05-08T11:30+02:00,-0.75
2024-05-08T11:45+02:00,-0.75
2024-05-08T12:00+02:00,
2024-05-08T12:15+02:00,
2024-05-08T12:30+02:00,
2024-05-08T12:45+02:00,
2024-05-08T13:00+02:00,
2024-05-08T13:15+02:00,
2024-05-08T13:30+02:00,
2024-05-08T13:45+02:00,
2024-05-08T14:00+02:00,-0.5
2024-05-08T14:15+02:00,-0.5
2024-05-08T14:30+02:00,-0.5
2024-05-08T14:45+02:00,-0.5
2024-05-08T15:00+02:00,
2024-05-08T15:15+02:00,
2024-05-08T15:30+02:00,
2024-05-08T15:45+02:00,
2024-05-08T16:00+02:00,
2024-05-08T16:15+02:00,
2024-05-08T16:30+02:00,
2024-05-08T16:45+02:00,
2024-05-08T17:00+02:00,
2024-05-08T17:15+02:00,
2024-05-08T17:30+02:00,
2024-05-08T17:45+02:00,
2024-05-08T18:00+02:00,
2024-05-08T18:15+02:00,
2024-05-08T18:30+02:00,
2024-05-08T18:45+02:00,
2024-05-08T19:00+02:00,
2024-05-08T19:15+02:00,
2024-05-08T19:30+02:00,
2024-05-08T19:45+02:00,
2024-05-08T20:00+02:00,
2024-05-08T20:15+02:00,
2024-05-08T20:30+02:00,
2024-05-08T20:45+02:00,
2024-05-08T21:00+02:00,
2024-05-08T21:15+02:00,
2024-05-08T21:30+02:00,
2024-05-08T21:45+02:00,
2024-05-08T22:00+02:00,
2024-05-08T22:15+02:00,
2024-05-08T22:30+02:00,
2024-05-08T22:45+02:00,
2024-05-08T23:00+02:00,
2024-05-08T23:15+02:00,
2024-05-08T23:30+02:00,
2024-05-08T23:45+02:00,
2024-05-09T00:00+02:00,
2024-05-09T00:15+02:00,
2024-05-09T00:30+02:00,
2024-05-09T00:45+02:00,
2024-05-09T01:00+02:00,
2024-05-09T01:15+02:00,
2024-05-09T01:30+02:00,
2024-05-09T01:45+02:00,
2024-05-09T02:00+02:00,
2024-05-09T02:15+02:00,
2024-05-09T02:30+02:00,
2024-05-09T02:45+02:00,
2024-05-09T03:00+02:00,
2024-05-09T03:15+02:00,
2024-05-09T03:30+02:00,
2024-05-09T03:45+02:00,
2024-05-09T04:00+02:00,
2024-05-09T04:15+02:00,
2024-05-09T04:30+02:00,
2024-05-09T04:45+02:00,
2024-05-09T05:00+02:00,
2024-05-09T05:15+02:00,
2024-05-09T05:30+02:00,
2024-05-09T05:45+02:00,
2024-05-09T06:00+02:00,
2024-05-09T06:15+02:00,
2024-05-09T06:30+02:00,
2024-05-09T06:45+02:00,
2024-05-09T07:00+02:00,
2024-05-09T07:15+02:00,
2024-05-09T07:30+02:00,
2024-05-09T07:45+02:00,
2024-05-09T08:00+02:00,
2024-05-09T08:15+02:00,
2024-05-09T08:30+02:00,
2024-05-09T08:45+02:00,
2024-05-09T09:00+02:00,
2024-05-09T09:15+02:00,
2024-05-09T09:30+02:00,
2024-05-09T09:45+02:00,
2024-05-09T10:00+02:00,
2024-05-09T10:15+02:00,
2024-05-09T10:30+02:00,
2024-05-09T10:45+02:00,
2024-05-09T11:00+02:00,-200
2024-05-09T11:15+02:00,-200
2024-05-09T11:30+02:00,-200
2024-05-09T11:45+02:00,-200
2024-05-09T12:00+02:00,-200
2024-05-09T12:15+02:00,-200
2024-05-09T12:30+02:00,-200
2024-05-09T12:45+02:00,-200
2024-05-09T13:00+02:00,-200
2024-05-09T13:15+02:00,-200
2024-05-09T13:30+02:00,-200
2024-05-09T13:45+02:00,-200
2024-05-09T14:00+02:00,-200
2024-05-09T14:15+02:00,-200
2024-05-09T14:30+02:00,-200
2024-05-09T14:45+02:00,-200
2024-05-09T15:00+02:00,-200
2024-05-09T15:15+02:00,-200
2024-05-09T15:30+02:00,-200
2024-05-09T15:45+02:00,-200
2024-05-09T16:00+02:00,
2024-05-09T16:15+02:00,
2024-05-09T16:30+02:00,
2024-05-09T16:45+02:00,
2024-05-09T17:00+02:00,
2024-05-09T17:15+02:00,
2024-05-09T17:30+02:00,
2024-05-09T17:45+02:00,
2024-05-09T18:00+02:00,
2024-05-09T18:15+02:00,
2024-05-09T18:30+02:00,
2024-05-09T18:45+02:00,
2024-05-09T19:00+02:00,
2024-05-09T19:15+02:00,
2024-05-09T19:30+02:00,
2024-05-09T19:45+02:00,
2024-05-09T20:00+02:00,
2024-05-09T20:15+02:00,
2024-05-09T20:30+02:00,
2024-05-09T20:45+02:00,
2024-05-09T21:00+02:00,
2024-05-09T21:15+02:00,
2024-05-09T21:30+02:00,
2024-05-09T21:45+02:00,
2024-05-09T22:00+02:00,
2024-05-09T22:15+02:00,
2024-05-09T22:30+02:00,
2024-05-09T22:45+02:00,
2024-05-09T23:00+02:00,
2024-05-09T23:15+02:00,
2024-05-09T23:30+02:00,
2024-05-09T23:45+02:00,
2024-05-10T00:00+02:00,
2024-05-10T00:15+02:00,
2024-05-10T00:30+02:00,
2024-05-10T00:45+02:00,
2024-05-10T01:00+02:00,
2024-05-10T01:15+02:00,
2024-05-10T01:30+02:00,
2024-05-10T01:45+02:00,
2024-05-10T02:00+02:00,
2024-05-10T02:15+02:00,
2024-05-10T02:30+02:00,
2024-05-10T02:45+02:00,
2024-05-10T03:00+02:00,
2024-05-10T03:15+02:00,
2024-05-10T03:30+02:00,
2024-05-10T03:45+02:00,
2024-05-10T04:00+02:00,
2024-05-10T04:15+02:00,
2024-05-10T04:30+02:00,
2024-05-10T04:45+02:00,
2024-05-10T05:00+02:00,
2024-05-10T05:15+02:00,
2024-05-10T05:30+02:00,
2024-05-10T05:45+02:00,
2024-05-10T06:00+02:00,
2024-05-10T06:15+02:00,
2024-05-10T06:30+02:00,
2024-05-10T06:45+02:00,
2024-05-10T07:00+02:00,
2024-05-10T07:15+02:00,
2024-05-10T07:30+02:00,
2024-05-10T07:45+02:00,
2024-05-10T08:00+02:00,
2024-05-10T08:15+02:00,
2024-05-10T08:30+02:00,
2024-05-10T08:45+02:00,
2024-05-10T09:00+02:00,
2024-05-10T09:15+02:00,
2024-05-10T09:30+02:00,
2024-05-10T09:45+02:00,
2024-05-10T10:00+02:00,
2024-05-10T10:15+02:00,
2024-05-10T10:30+02:00,
2024-05-10T10:45+02:00,
2024-05-10T11:00+02:00,
2024-05-10T11:15+02:00,
2024-05-10T11:30+02:00,
2024-05-10T11:45+02:00,
2024-05-10T12:00+02:00,
2024-05-10T12:15+02:00,
2024-05-10T12:30+02:00,
2024-05-10T12:45+02:00,
2024-05-10T13:00+02:00,
2024-05-10T13:15+02:00,
2024-05-10T13:30+02:00,
2024-05-10T13:45+02:00,
2024-05-10T14:00+02:00,
2024-05-10T14:15+02:00,
2024-05-10T14:30+02:00,
2024-05-10T14:45+02:00,
2024-05-10T15:00+02:00,
2024-05-10T15:15+02:00,
2024-05-10T15:30+02:00,
2024-05-10T15:45+02:00,
2024-05-10T16:00+02:00,
2024-05-10T16:15+02:00,
2024-05-10T16:30+02:00,
2024-05-10T16:45+02:00,
2024-05-10T17:00+02:00,
2024-05-10T17:15+02:00,
2024-05-10T17:30+02:00,
2024-05-10T17:45+02:00,
2024-05-10T18:00+02:00,
2024-05-10T18:15+02:00,
2024-05-10T18:30+02:00,
2024-05-10T18:45+02:00,
2024-05-10T19:00+02:00,
2024-05-10T19:15+02:00,
2024-05-10T19:30+02:00,
2024-05-10T19:45+02:00,
2024-05-10T20:00+02:00,
2024-05-10T20:15+02:00,
2024-05-10T20:30+02:00,
2024-05-10T20:45+02:00,
2024-05-10T21:00+02:00,
2024-05-10T21:15+02:00,
2024-05-10T21:30+02:00,
2024-05-10T21:45+02:00,
2024-05-10T22:00+02:00,
2024-05-10T22:15+02:00,
2024-05-10T22:30+02:00,
2024-05-10T22:45+02:00,
2024-05-10T23:00+02:00,
2024-05-10T23:15+02:00,
2024-05-10T23:30+02:00,
2024-05-10T23:45+02:00,
2024-05-11T00:00+02:00,
2024-05-11T00:15+02:00,
2024-05-11T00:30+02:00,
2024-05-11T00:45+02:00,
2024-05-11T01:00+02:00,
2024-05-11T01:15+02:00,
2024-05-11T01:30+02:00,
2024-05-11T01:45+02:00,
2024-05-11T02:00+02:00,
2024-05-11T02:15+02:00,
2024-05-11T02:30+02:00,
2024-05-11T02:45+02:00,
2024-05-11T03:00+02:00,
2024-05-11T03:15+02:00,
2024-05-11T03:30+02:00,
2024-05-11T03:45+02:00,
2024-05-11T04:00+02:00,
2024-05-11T04:15+02:00,
2024-05-11T04:30+02:00,
2024-05-11T04:45+02:00,
2024-05-11T05:00+02:00,
2024-05-11T05:15+02:00,
2024-05-11T05:30+02:00,
2024-05-11T05:45+02:00,
2024-05-11T06:00+02:00,
2024-05-11T06:15+02:00,
2024-05-11T06:30+02:00,
2024-05-11T06:45+02:00,
2024-05-11T07:00+02:00,
2024-05-11T07:15+02:00,
2024-05-11T07:30+02:00,
2024-05-11T07:45+02:00,
2024-05-11T08:00+02:00,
2024-05-11T08:15+02:00,
2024-05-11T08:30+02:00,
2024-05-11T08:45+02:00,
2024-05-11T09:00+02:00,
2024-05-11T09:15+02:00,
2024-05-11T09:30+02:00,
2024-05-11T09:45+02:00,
2024-05-11T10:00+02:00,
2024-05-11T10:15+02:00,
2024-05-11T10:30+02:00,
2024-05-11T10:45+02:00,
2024-05-11T11:00+02:00,
2024-05-11T11:15+02:00,
2024-05-11T11:30+02:00,
2024-05-11T11:45+02:00,
2024-05-11T12:00+02:00,
2024-05-11T12:15+02:00,
2024-05-11T12:30+02:00,
2024-05-11T12:45+02:00,
2024-05-11T13:00+02:00,
2024-05-11T13:15+02:00,
2024-05-11T13:30+02:00,
2024-05-11T13:45+02:00,
2024-05-11T14:00+02:00,
2024-05-11T14:15+02:00,
2024-05-11T14:30+02:00,
2024-05-11T14:45+02:00,
2024-05-11T15:00+02:00,
2024-05-11T15:15+02:00,
2024-05-11T15:30+02:00,
2024-05-11T15:45+02:00,
2024-05-11T16:00+02:00,
2024-05-11T16:15+02:00,
2024-05-11T16:30+02:00,
2024-05-11T16:45+02:00,
2024-05-11T17:00+02:00,
2024-05-11T17:15+02:00,
2024-05-11T17:30+02:00,
2024-05-11T17:45+02:00,
2024-05-11T18:00+02:00,
2024-05-11T18:15+02:00,
2024-05-11T18:30+02:00,
2024-05-11T18:45+02:00,
2024-05-11T19:00+02:00,
2024-05-11T19:15+02:00,
2024-05-11T19:30+02:00,
2024-05-11T19:45+02:00,
2024-05-11T20:00+02:00,
2024-05-11T20:15+02:00,
2024-05-11T20:30+02:00,
2024-05-11T20:45+02:00,
2024-05-11T21:00+02:00,
2024-05-11T21:15+02:00,
2024-05-11T21:30+02:00,
2024-05-11T21:45+02:00,
2024-05-11T22:00+02:00,
2024-05-11T22:15+02:00,
2024-05-11T22:30+02:00,
2024-05-11T22:45+02:00,
2024-05-11T23:00+02:00,
2024-05-11T23:15+02:00,
2024-05-11T23:30+02:00,
2024-05-11T23:45+02:00,
2024-05-12T00:00+02:00,
2024-05-12T00:15+02:00,
2024-05-12T00:30+02:00,
2024-05-12T00:45+02:00,
2024-05-12T01:00+02:00,
2024-05-12T01:15+02:00,
2024-05-12T01:30+02:00,
2024-05-12T01:45+02:00,
2024-05-12T02:00+02:00,
2024-05-12T02:15+02:00,
2024-05-12T02:30+02:00,
2024-05-12T02:45+02:00,
2024-05-12T03:00+02:00,
2024-05-12T03:15+02:00,
2024-05-12T03:30+02:00,
2024-05-12T03:45+02:00,
2024-05-12T04:00+02:00,
2024-05-12T04:15+02:00,
2024-05-12T04:30+02:00,
2024-05-12T04:45+02:00,
2024-05-12T05:00+02:00,
2024-05-12T05:15+02:00,
2024-05-12T05:30+02:00,
2024-05-12T05:45+02:00,
2024-05-12T06:00+02:00,
2024-05-12T06:15+02:00,
2024-05-12T06:30+02:00,
2024-05-12T06:45+02:00,
2024-05-12T07:00+02:00,
2024-05-12T07:15+02:00,
2024-05-12T07:30+02:00,
2024-05-12T07:45+02:00,
2024-05-12T08:00+02:00,
2024-05-12T08:15+02:00,
2024-05-12T08:30+02:00,
2024-05-12T08:45+02:00,
2024-05-12T09:00+02:00,
2024-05-12T09:15+02:00,
2024-05-12T09:30+02:00,
2024-05-12T09:45+02:00,
2024-05-12T10:00+02:00,
2024-05-12T10:15+02:00,
2024-05-12T10:30+02:00,
2024-05-12T10:45+02:00,
2024-05-12T11:00+02:00,
2024-05-12T11:15+02:00,
2024-05-12T11:30+02:00,
2024-05-12T11:45+02:00,
2024-05-12T12:00+02:00,
2024-05-12T12:15+02:00,
2024-05-12T12:30+02:00,
2024-05-12T12:45+02:00,
2024-05-12T13:00+02:00,
2024-05-12T13:15+02:00,
2024-05-12T13:30+02:00,
2024-05-12T13:45+02:00,
2024-05-12T14:00+02:00,
2024-05-12T14:15+02:00,
2024-05-12T14:30+02:00,
2024-05-12T14:45+02:00,
2024-05-12T15:00+02:00,
2024-05-12T15:15+02:00,
2024-05-12T15:30+02:00,
2024-05-12T15:45+02:00,
2024-05-12T16:00+02:00,-31.75
2024-05-12T16:15+02:00,-31.5
2024-05-12T16:30+02:00,-31.75
2024-05-12T16:45+02:00,-31.5
2024-05-12T17:00+02:00,-41
2024-05-12T17:15+02:00,-41
2024-05-12T17:30+02:00,-41
2024-05-12T17:45+02:00,-41
2024-05-12T18:00+02:00,-80.25
2024-05-12T18:15+02:00,-80
2024-05-12T18:30+02:00,-80
2024-05-12T18:45+02:00,-80
2024-05-12T19:00+02:00,
2024-05-12T19:15+02:00,
2024-05-12T19:30+02:00,
2024-05-12T19:45+02:00,
2024-05-12T20:00+02:00,
2024-05-12T20:15+02:00,
2024-05-12T20:30+02:00,
2024-05-12T20:45+02:00,
2024-05-12T21:00+02:00,-60.25
2024-05-12T21:15+02:00,-60.25
2024-05-12T21:30+02:00,-60.25
2024-05-12T21:45+02:00,-60.25
2024-05-12T22:00+02:00,-100.25
2024-05-12T22:15+02:00,-100.25
2024-05-12T22:30+02:00,-100.25
2024-05-12T22:45+02:00,-100.25
2024-05-12T23:00+02:00,-120.25
2024-05-12T23:15+02:00,-120.25
2024-05-12T23:30+02:00,-120.25
2024-05-12T23:45+02:00,-120.25
2024-05-13T00:00+02:00,-107
2024-05-13T00:15+02:00,-107
2024-05-13T00:30+02:00,-107
2024-05-13T00:45+02:00,-107
2024-05-13T01:00+02:00,-67.5
2024-05-13T01:15+02:00,-67.5
2024-05-13T01:30+02:00,-67.5
2024-05-13T01:45+02:00,-67.5
2024-05-13T02:00+02:00,-67.5
2024-05-13T02:15+02:00,-67.5
2024-05-13T02:30+02:00,-67.5
2024-05-13T02:45+02:00,-67.5
2024-05-13T03:00+02:00,-69
2024-05-13T03:15+02:00,-69
2024-05-13T03:30+02:00,-69
2024-05-13T03:45+02:00,-69
2024-05-13T04:00+02:00,-146.25
2024-05-13T04:15+02:00,-146.25
2024-05-13T04:30+02:00,-146.25
2024-05-13T04:45+02:00,-146.25
2024-05-13T05:00+02:00,-74.75
2024-05-13T05:15+02:00,-74.75
2024-05-13T05:30+02:00,-74.75
2024-05-13T05:45+02:00,-74.75
2024-05-13T06:00+02:00,-7.75
2024-05-13T06:15+02:00,-7.75
2024-05-13T06:30+02:00,-7.75
2024-05-13T06:45+02:00,-7.75
2024-05-13T07:00+02:00,-152
2024-05-13T07:15+02:00,-152
2024-05-13T07:30+02:00,-152
2024-05-13T07:45+02:00,-152
2024-05-13T08:00+02:00,-121.25
2024-05-13T08:15+02:00,-121.25
2024-05-13T08:30+02:00,-118.75
2024-05-13T08:45+02:00,-118.75
2024-05-13T09:00+02:00,-115.25
2024-05-13T09:15+02:00,-87.5
2024-05-13T09:30+02:00,-112.5
2024-05-13T09:45+02:00,-112.5
2024-05-13T10:00+02:00,-76.25
2024-05-13T10:15+02:00,-53.75
2024-05-13T10:30+02:00,-153.75
2024-05-13T10:45+02:00,-203.75
2024-05-13T11:00+02:00,-191.25
2024-05-13T11:15+02:00,-191.25
2024-05-13T11:30+02:00,-191.25
2024-05-13T11:45+02:00,-216.25
2024-05-13T12:00+02:00,-361.5
2024-05-13T12:15+02:00,-411.5
2024-05-13T12:30+02:00,-411.5
2024-05-13T12:45+02:00,-425
2024-05-13T13:00+02:00,-535.75
2024-05-13T13:15+02:00,-527
2024-05-13T13:30+02:00,-528.5
2024-05-13T13:45+02:00,-530.25
2024-05-13T14:00+02:00,-457
2024-05-13T14:15+02:00,-498.25
2024-05-13T14:30+02:00,-460.75
2024-05-13T14:45+02:00,-429.25
2024-05-13T15:00+02:00,-340.79625
2024-05-13T15:15+02:00,-281.25
2024-05-13T15:30+02:00,-285
2024-05-13T15:45+02:00,-285
2024-05-13T16:00+02:00,-112.75
2024-05-13T16:15+02:00,-112.75
2024-05-13T16:30+02:00,-167.75
2024-05-13T16:45+02:00,-183.5
2024-05-13T17:00+02:00,-145.75
2024-05-13T17:15+02:00,-196.5
2024-05-13T17:30+02:00,-241.5
2024-05-13T17:45+02:00,-241.5
2024-05-13T18:00+02:00,-171.75
2024-05-13T18:15+02:00,-183.25
2024-05-13T18:30+02:00,-214.5
2024-05-13T18:45+02:00,-214.5
2024-05-13T19:00+02:00,-95
2024-05-13T19:15+02:00,-50
2024-05-13T19:30+02:00,-50
2024-05-13T19:45+02:00,-25
2024-05-13T20:00+02:00,-25
2024-05-13T20:15+02:00,-25
2024-05-13T20:30+02:00,-25
2024-05-13T20:45+02:00,-25
2024-05-13T21:00+02:00,-25
2024-05-13T21:15+02:00,-25
2024-05-13T21:30+02:00,-25
2024-05-13T21:45+02:00,-25
2024-05-13T22:00+02:00,-241.5
2024-05-13T22:15+02:00,-241.5
2024-05-13T22:30+02:00,-237.75
2024-05-13T22:45+02:00,-232.75
2024-05-13T23:00+02:00,-437
2024-05-13T23:15+02:00,-429.5
2024-05-13T23:30+02:00,-422
2024-05-13T23:45+02:00,-422
2024-05-14T00:00+02:00,-31.75
2024-05-14T00:15+02:00,-31.75
2024-05-14T00:30+02:00,-31.75
2024-05-14T00:45+02:00,-31.75
2024-05-14T01:00+02:00,-56.5
2024-05-14T01:15+02:00,-56.5
2024-05-14T01:30+02:00,-56.5
2024-05-14T01:45+02:00,-56.5
2024-05-14T02:00+02:00,-34.75
2024-05-14T02:15+02:00,-34.75
2024-05-14T02:30+02:00,-34.75
2024-05-14T02:45+02:00,-34.75
2024-05-14T03:00+02:00,-24.75
2024-05-14T03:15+02:00,-24.75
2024-05-14T03:30+02:00,-24.75
2024-05-14T03:45+02:00,-24.75
2024-05-14T04:00+02:00,-17
2024-05-14T04:15+02:00,-17
2024-05-14T04:30+02:00,-17
2024-05-14T04:45+02:00,-17
2024-05-14T05:00+02:00,-50.25
2024-05-14T05:15+02:00,-50.25
2024-05-14T05:30+02:00,-50.25
2024-05-14T05:45+02:00,-50.25
2024-05-14T06:00+02:00,-7.5
2024-05-14T06:15+02:00,-7.5
2024-05-14T06:30+02:00,-7.5
2024-05-14T06:45+02:00,-7.5
2024-05-14T07:00+02:00,-7.5
2024-05-14T07:15+02:00,-7.5
2024-05-14T07:30+02:00,-7.5
2024-05-14T07:45+02:00,-7.5
2024-05-14T08:00+02:00,-8.5
2024-05-14T08:15+02:00,-8.5
2024-05-14T08:30+02:00,-8.5
2024-05-14T08:45+02:00,-8.5
2024-05-14T09:00+02:00,-37.5
2024-05-14T09:15+02:00,-37.5
2024-05-14T09:30+02:00,-237.5
2024-05-14T09:45+02:00,-237.5
2024-05-14T10:00+02:00,-249.5
2024-05-14T10:15+02:00,-249.5
2024-05-14T10:30+02:00,-249.5
2024-05-14T10:45+02:00,-249.5
2024-05-14T11:00+02:00,-219.25
2024-05-14T11:15+02:00,-220.5
2024-05-14T11:30+02:00,-221.75
2024-05-14T11:45+02:00,-223
2024-05-14T12:00+02:00,-234.75
2024-05-14T12:15+02:00,-248.5
2024-05-14T12:30+02:00,-251
2024-05-14T12:45+02:00,-252.25
2024-05-14T13:00+02:00,-250.75
2024-05-14T13:15+02:00,-255
2024-05-14T13:30+02:00,-274.5
2024-05-14T13:45+02:00,-285.25
2024-05-14T14:00+02:00,-277.75
2024-05-14T14:15+02:00,-315.25
2024-05-14T14:30+02:00,-355.25
2024-05-14T14:45+02:00,-394
2024-05-14T15:00+02:00,-285.75
2024-05-14T15:15+02:00,-293.25
2024-05-14T15:30+02:00,-104.5
2024-05-14T15:45+02:00,-112
2024-05-14T16:00+02:00,-224
2024-05-14T16:15+02:00,-224
2024-05-14T16:30+02:00,-231.5
2024-05-14T16:45+02:00,-322.25
2024-05-14T17:00+02:00,-548.698
2024-05-14T17:15+02:00,-569.201
2024-05-14T17:30+02:00,-568.76225
2024-05-14T17:45+02:00,-625.30425
2024-05-14T18:00+02:00,-885.6915
2024-05-14T18:15+02:00,-894.45925
2024-05-14T18:30+02:00,-950
2024-05-14T18:45+02:00,-950
2024-05-14T19:00+02:00,-843.25
2024-05-14T19:15+02:00,-868
2024-05-14T19:30+02:00,-877.75
2024-05-14T19:45+02:00,-861.25
2024-05-14T20:00+02:00,-894.5
2024-05-14T20:15+02:00,-894.5
2024-05-14T20:30+02:00,-894.5
2024-05-14T20:45+02:00,-894.5
2024-05-14T21:00+02:00,-927.5
2024-05-14T21:15+02:00,-928.25
2024-05-14T21:30+02:00,-932
2024-05-14T21:45+02:00,-944.75
2024-05-14T22:00+02:00,-1094.5
2024-05-14T22:15+02:00,-1077
2024-05-14T22:30+02:00,-1072
2024-05-14T22:45+02:00,-1047
2024-05-14T23:00+02:00,-1107.25
2024-05-14T23:15+02:00,-1107.25
2024-05-14T23:30+02:00,-1107.25
2024-05-14T23:45+02:00,-1107.25
2024-05-15T00:00+02:00,-232.5
2024-05-15T00:15+02:00,-232.5
2024-05-15T00:30+02:00,-232.5
2024-05-15T00:45+02:00,-232.5
2024-05-15T01:00+02:00,-232.5
2024-05-15T01:15+02:00,-232.5
2024-05-15T01:30+02:00,-232.5
2024-05-15T01:45+02:00,-232.5
2024-05-15T02:00+02:00,-220
2024-05-15T02:15+02:00,-220
2024-05-15T02:30+02:00,-220
2024-05-15T02:45+02:00,-220
2024-05-15T03:00+02:00,-220
2024-05-15T03:15+02:00,-220
2024-05-15T03:30+02:00,-220
2024-05-15T03:45+02:00,-220
2024-05-15T04:00+02:00,-220
2024-05-15T04:15+02:00,-220
2024-05-15T04:30+02:00,-220
2024-05-15T04:45+02:00,-220
2024-05-15T05:00+02:00,-220
2024-05-15T05:15+02:00,-220
2024-05-15T05:30+02:00,-220
2024-05-15T05:45+02:00,-220
2024-05-15T06:00+02:00,-862.5
2024-05-15T06:15+02:00,-862.5
2024-05-15T06:30+02:00,-862.5
2024-05-15T06:45+02:00,-862.5
2024-05-15T07:00+02:00,-770
2024-05-15T07:15+02:00,-770
2024-05-15T07:30+02:00,-770
2024-05-15T07:45+02:00,-770
2024-05-15T08:00+02:00,-770
2024-05-15T08:15+02:00,-770
2024-05-15T08:30+02:00,-770
2024-05-15T08:45+02:00,-910
2024-05-15T09:00+02:00,-983.75
2024-05-15T09:15+02:00,-1001.75
2024-05-15T09:30+02:00,-999
2024-05-15T09:45+02:00,-1059.5
2024-05-15T10:00+02:00,-1065.75
2024-05-15T10:15+02:00,-966.5
2024-05-15T10:30+02:00,-1007.25
2024-05-15T10:45+02:00,-1122.75
2024-05-15T11:00+02:00,-1161.25
2024-05-15T11:15+02:00,-1174.75
2024-05-15T11:30+02:00,-1179
2024-05-15T11:45+02:00,-1273.75
2024-05-15T12:00+02:00,-1327
2024-05-15T12:15+02:00,-1335.25
2024-05-15T12:30+02:00,-1338.5
2024-05-15T12:45+02:00,-1363.25
2024-05-15T13:00+02:00,-1393.25
2024-05-15T13:15+02:00,-1382
2024-05-15T13:30+02:00,-1442.25
2024-05-15T13:45+02:00,-1511.75
2024-05-15T14:00+02:00,-1486
2024-05-15T14:15+02:00,-1488.75
2024-05-15T14:30+02:00,-1563.75
2024-05-15T14:45+02:00,-1641.5
2024-05-15T15:00+02:00,-1709.25
2024-05-15T15:15+02:00,-1694.75
2024-05-15T15:30+02:00,-1572.75
2024-05-15T15:45+02:00,-1634.5
2024-05-15T16:00+02:00,-1859.25
2024-05-15T16:15+02:00,-1907
2024-05-15T16:30+02:00,-1960.75
2024-05-15T16:45+02:00,-2006.25
2024-05-15T17:00+02:00,-2035.5
2024-05-15T17:15+02:00,-2046.75
2024-05-15T17:30+02:00,-2010.25
2024-05-15T17:45+02:00,-1958
2024-05-15T18:00+02:00,-1998.5
2024-05-15T18:15+02:00,-1918.75
2024-05-15T18:30+02:00,-1879.5
2024-05-15T18:45+02:00,-1881.75
2024-05-15T19:00+02:00,-1528
2024-05-15T19:15+02:00,-1388.25
2024-05-15T19:30+02:00,-1343.5
2024-05-15T19:45+02:00,-1257.75
2024-05-15T20:00+02:00,-1096
2024-05-15T20:15+02:00,-1052.75
2024-05-15T20:30+02:00,-1006
2024-05-15T20:45+02:00,-1011.25
2024-05-15T21:00+02:00,-997.25
2024-05-15T21:15+02:00,-1140.25
2024-05-15T21:30+02:00,-1087
2024-05-15T21:45+02:00,-1088
2024-05-15T22:00+02:00,-1210
2024-05-15T22:15+02:00,-1324
2024-05-15T22:30+02:00,-1348.75
2024-05-15T22:45+02:00,-1309.75
2024-05-15T23:00+02:00,-1331
2024-05-15T23:15+02:00,-1364.5
2024-05-15T23:30+02:00,-1372
2024-05-15T23:45+02:00,-1425.5
2024-05-16T00:00+02:00,-296.75
2024-05-16T00:15+02:00,-296.75
2024-05-16T00:30+02:00,-296.75
2024-05-16T00:45+02:00,-296.75
2024-05-16T01:00+02:00,-296.75
2024-05-16T01:15+02:00,-296.75
2024-05-16T01:30+02:00,-296.75
2024-05-16T01:45+02:00,-296.75
2024-05-16T02:00+02:00,-296.75
2024-05-16T02:15+02:00,-296.75
2024-05-16T02:30+02:00,-296.75
2024-05-16T02:45+02:00,-296.75
2024-05-16T03:00+02:00,-296.75
2024-05-16T03:15+02:00,-296.75
2024-05-16T03:30+02:00,-296.75
2024-05-16T03:45+02:00,-296.75
2024-05-16T04:00+02:00,-296.75
2024-05-16T04:15+02:00,-296.75
2024-05-16T04:30+02:00,-296.75
2024-05-16T04:45+02:00,-296.75
2024-05-16T05:00+02:00,-296.75
2024-05-16T05:15+02:00,-296.75
2024-05-16T05:30+02:00,-296.75
2024-05-16T05:45+02:00,-296.75
2024-05-16T06:00+02:00,-296.75
2024-05-16T06:15+02:00,-296.75
2024-05-16T06:30+02:00,-296.75
2024-05-16T06:45+02:00,-296.75
2024-05-16T07:00+02:00,-296.75
2024-05-16T07:15+02:00,-296.75
2024-05-16T07:30+02:00,-296.75
2024-05-16T07:45+02:00,-296.75
2024-05-16T08:00+02:00,-296.75
2024-05-16T08:15+02:00,-296.75
2024-05-16T08:30+02:00,-296.75
2024-05-16T08:45+02:00,-296.75
2024-05-16T09:00+02:00,-309.25
2024-05-16T09:15+02:00,-309.25
2024-05-16T09:30+02:00,-309.25
2024-05-16T09:45+02:00,-339.25
2024-05-16T10:00+02:00,-341
2024-05-16T10:15+02:00,-353.5
2024-05-16T10:30+02:00,-371
2024-05-16T10:45+02:00,-371
2024-05-16T11:00+02:00,-596
2024-05-16T11:15+02:00,-671
2024-05-16T11:30+02:00,-721
2024-05-16T11:45+02:00,-783.5
2024-05-16T12:00+02:00,-876
2024-05-16T12:15+02:00,-876
2024-05-16T12:30+02:00,-876
2024-05-16T12:45+02:00,-876
2024-05-16T13:00+02:00,-876
2024-05-16T13:15+02:00,-876
2024-05-16T13:30+02:00,-876
2024-05-16T13:45+02:00,-876
2024-05-16T14:00+02:00,-876
2024-05-16T14:15+02:00,-876
2024-05-16T14:30+02:00,-876
2024-05-16T14:45+02:00,-876
2024-05-16T15:00+02:00,-774.25
2024-05-16T15:15+02:00,-774.25
2024-05-16T15:30+02:00,-774.25
2024-05-16T15:45+02:00,-686.75
2024-05-16T16:00+02:00,-639.25
2024-05-16T16:15+02:00,-526.75
2024-05-16T16:30+02:00,-526.75
2024-05-16T16:45+02:00,-526.75
2024-05-16T17:00+02:00,-526.75
2024-05-16T17:15+02:00,-526.75
2024-05-16T17:30+02:00,-526.75
2024-05-16T17:45+02:00,-514.25
2024-05-16T18:00+02:00,-501.75
2024-05-16T18:15+02:00,-501.75
2024-05-16T18:30+02:00,-501.75
2024-05-16T18:45+02:00,-501.75
2024-05-16T19:00+02:00,-245
2024-05-16T19:15+02:00,-220
2024-05-16T19:30+02:00,-220
2024-05-16T19:45+02:00,-220
2024-05-16T20:00+02:00,-70
2024-05-16T20:15+02:00,-70
2024-05-16T20:30+02:00,-70
2024-05-16T20:45+02:00,-70
2024-05-16T21:00+02:00,-62.5
2024-05-16T21:15+02:00,-62.5
2024-05-16T21:30+02:00,-62.5
2024-05-16T21:45+02:00,-62.5
2024-05-16T22:00+02:00,-62.5
2024-05-16T22:15+02:00,-62.5
2024-05-16T22:30+02:00,-62.5
2024-05-16T22:45+02:00,-62.5
2024-05-16T23:00+02:00,-62.5
2024-05-16T23:15+02:00,-62.5
2024-05-16T23:30+02:00,-62.5
2024-05-16T23:45+02:00,-62.5
2024-05-17T00:00+02:00,
2024-05-17T00:15+02:00,
2024-05-17T00:30+02:00,
2024-05-17T00:45+02:00,
2024-05-17T01:00+02:00,
2024-05-17T01:15+02:00,
2024-05-17T01:30+02:00,
2024-05-17T01:45+02:00,
2024-05-17T02:00+02:00,
2024-05-17T02:15+02:00,
2024-05-17T02:30+02:00,
2024-05-17T02:45+02:00,
2024-05-17T03:00+02:00,
2024-05-17T03:15+02:00,
2024-05-17T03:30+02:00,
2024-05-17T03:45+02:00,
2024-05-17T04:00+02:00,
2024-05-17T04:15+02:00,
2024-05-17T04:30+02:00,
2024-05-17T04:45+02:00,
2024-05-17T05:00+02:00,
2024-05-17T05:15+02:00,
2024-05-17T05:30+02:00,
2024-05-17T05:45+02:00,
2024-05-17T06:00+02:00,
2024-05-17T06:15+02:00,
2024-05-17T06:30+02:00,
2024-05-17T06:45+02:00,
2024-05-17T07:00+02:00,
2024-05-17T07:15+02:00,
2024-05-17T07:30+02:00,
2024-05-17T07:45+02:00,
2024-05-17T08:00+02:00,
2024-05-17T08:15+02:00,
2024-05-17T08:30+02:00,
2024-05-17T08:45+02:00,
2024-05-17T09:00+02:00,
2024-05-17T09:15+02:00,
2024-05-17T09:30+02:00,
2024-05-17T09:45+02:00,
2024-05-17T10:00+02:00,-10
2024-05-17T10:15+02:00,-10
2024-05-17T10:30+02:00,-10
2024-05-17T10:45+02:00,-30
2024-05-17T11:00+02:00,-92.5
2024-05-17T11:15+02:00,-110
2024-05-17T11:30+02:00,-287.5025
2024-05-17T11:45+02:00,-464.418
2024-05-17T12:00+02:00,-516.31575
2024-05-17T12:15+02:00,-667.72375
2024-05-17T12:30+02:00,-769.1665
2024-05-17T12:45+02:00,-895.35875
2024-05-17T13:00+02:00,-954.8505
2024-05-17T13:15+02:00,-958.3305
2024-05-17T13:30+02:00,-960.2965
2024-05-17T13:45+02:00,-963.47075
2024-05-17T14:00+02:00,-929.43675
2024-05-17T14:15+02:00,-934.86925
2024-05-17T14:30+02:00,-944.21875
2024-05-17T14:45+02:00,-948.3955
2024-05-17T15:00+02:00,-823.072
2024-05-17T15:15+02:00,-822.10975
2024-05-17T15:30+02:00,-820.84075
2024-05-17T15:45+02:00,-819.29375
2024-05-17T16:00+02:00,-630
2024-05-17T16:15+02:00,-630
2024-05-17T16:30+02:00,-630
2024-05-17T16:45+02:00,-630
2024-05-17T17:00+02:00,-480
2024-05-17T17:15+02:00,-355
2024-05-17T17:30+02:00,-255
2024-05-17T17:45+02:00,-255
2024-05-17T18:00+02:00,-255
2024-05-17T18:15+02:00,-205
2024-05-17T18:30+02:00,-155
2024-05-17T18:45+02:00,-105
2024-05-17T19:00+02:00,-55
2024-05-17T19:15+02:00,-20
2024-05-17T19:30+02:00,-10
2024-05-17T19:45+02:00,-10
2024-05-17T20:00+02:00,-10
2024-05-17T20:15+02:00,-10
2024-05-17T20:30+02:00,-10
2024-05-17T20:45+02:00,-10
2024-05-17T21:00+02:00,-10
2024-05-17T21:15+02:00,-10
2024-05-17T21:30+02:00,-10
2024-05-17T21:45+02:00,-10
2024-05-17T22:00+02:00,-10
2024-05-17T22:15+02:00,-10
2024-05-17T22:30+02:00,-10
2024-05-17T22:45+02:00,-10
2024-05-17T23:00+02:00,-10
2024-05-17T23:15+02:00,-10
2024-05-17T23:30+02:00,-10
2024-05-17T23:45+02:00,-10
2024-05-18T00:00+02:00,-50
2024-05-18T00:15+02:00,-50
2024-05-18T00:30+02:00,-50
2024-05-18T00:45+02:00,-50
2024-05-18T01:00+02:00,-62.5
2024-05-18T01:15+02:00,-75
2024-05-18T01:30+02:00,-87.5
2024-05-18T01:45+02:00,-100
2024-05-18T02:00+02:00,-112.5
2024-05-18T02:15+02:00,-107.5
2024-05-18T02:30+02:00,-102.5
2024-05-18T02:45+02:00,-100
2024-05-18T03:00+02:00,-75
2024-05-18T03:15+02:00,-62.5
2024-05-18T03:30+02:00,-50
2024-05-18T03:45+02:00,-37.5
2024-05-18T04:00+02:00,-25
2024-05-18T04:15+02:00,
2024-05-18T04:30+02:00,
2024-05-18T04:45+02:00,
2024-05-18T05:00+02:00,
2024-05-18T05:15+02:00,
2024-05-18T05:30+02:00,
2024-05-18T05:45+02:00,
2024-05-18T06:00+02:00,
2024-05-18T06:15+02:00,
2024-05-18T06:30+02:00,
2024-05-18T06:45+02:00,
2024-05-18T07:00+02:00,
2024-05-18T07:15+02:00,
2024-05-18T07:30+02:00,
2024-05-18T07:45+02:00,
2024-05-18T08:00+02:00,
2024-05-18T08:15+02:00,
2024-05-18T08:30+02:00,
2024-05-18T08:45+02:00,
2024-05-18T09:00+02:00,
2024-05-18T09:15+02:00,
2024-05-18T09:30+02:00,
2024-05-18T09:45+02:00,
2024-05-18T10:00+02:00,
2024-05-18T10:15+02:00,
2024-05-18T10:30+02:00,
2024-05-18T10:45+02:00,
2024-05-18T11:00+02:00,
2024-05-18T11:15+02:00,
2024-05-18T11:30+02:00,
2024-05-18T11:45+02:00,
2024-05-18T12:00+02:00,
2024-05-18T12:15+02:00,
2024-05-18T12:30+02:00,
2024-05-18T12:45+02:00,
2024-05-18T13:00+02:00,
2024-05-18T13:15+02:00,
2024-05-18T13:30+02:00,
2024-05-18T13:45+02:00,-125
2024-05-18T14:00+02:00,-125
2024-05-18T14:15+02:00,-125
2024-05-18T14:30+02:00,-125
2024-05-18T14:45+02:00,-125
2024-05-18T15:00+02:00,-125
2024-05-18T15:15+02:00,-125
2024-05-18T15:30+02:00,-125
2024-05-18T15:45+02:00,-125
2024-05-18T16:00+02:00,-125
2024-05-18T16:15+02:00,-125
2024-05-18T16:30+02:00,
2024-05-18T16:45+02:00,
2024-05-18T17:00+02:00,
2024-05-18T17:15+02:00,
2024-05-18T17:30+02:00,
2024-05-18T17:45+02:00,
2024-05-18T18:00+02:00,
2024-05-18T18:15+02:00,
2024-05-18T18:30+02:00,
2024-05-18T18:45+02:00,
2024-05-18T19:00+02:00,
2024-05-18T19:15+02:00,
2024-05-18T19:30+02:00,
2024-05-18T19:45+02:00,
2024-05-18T20:00+02:00,
2024-05-18T20:15+02:00,
2024-05-18T20:30+02:00,
2024-05-18T20:45+02:00,
2024-05-18T21:00+02:00,
2024-05-18T21:15+02:00,
2024-05-18T21:30+02:00,
2024-05-18T21:45+02:00,
2024-05-18T22:00+02:00,
2024-05-18T22:15+02:00,
2024-05-18T22:30+02:00,
2024-05-18T22:45+02:00,
2024-05-18T23:00+02:00,
2024-05-18T23:15+02:00,
2024-05-18T23:30+02:00,
2024-05-18T23:45+02:00,
2024-05-19T00:00+02:00,
2024-05-19T00:15+02:00,
2024-05-19T00:30+02:00,
2024-05-19T00:45+02:00,
2024-05-19T01:00+02:00,
2024-05-19T01:15+02:00,
2024-05-19T01:30+02:00,
2024-05-19T01:45+02:00,
2024-05-19T02:00+02:00,
2024-05-19T02:15+02:00,
2024-05-19T02:30+02:00,
2024-05-19T02:45+02:00,
2024-05-19T03:00+02:00,
2024-05-19T03:15+02:00,
2024-05-19T03:30+02:00,
2024-05-19T03:45+02:00,
2024-05-19T04:00+02:00,
2024-05-19T04:15+02:00,
2024-05-19T04:30+02:00,
2024-05-19T04:45+02:00,
2024-05-19T05:00+02:00,
2024-05-19T05:15+02:00,
2024-05-19T05:30+02:00,
2024-05-19T05:45+02:00,
2024-05-19T06:00+02:00,
2024-05-19T06:15+02:00,
2024-05-19T06:30+02:00,
2024-05-19T06:45+02:00,
2024-05-19T07:00+02:00,
2024-05-19T07:15+02:00,
2024-05-19T07:30+02:00,
2024-05-19T07:45+02:00,
2024-05-19T08:00+02:00,
2024-05-19T08:15+02:00,
2024-05-19T08:30+02:00,
2024-05-19T08:45+02:00,
2024-05-19T09:00+02:00,-125
2024-05-19T09:15+02:00,-125
2024-05-19T09:30+02:00,-125
2024-05-19T09:45+02:00,-125
2024-05-19T10:00+02:00,-125
2024-05-19T10:15+02:00,-125
2024-05-19T10:30+02:00,-125
2024-05-19T10:45+02:00,-125
2024-05-19T11:00+02:00,-125
2024-05-19T11:15+02:00,-125
2024-05-19T11:30+02:00,-125
2024-05-19T11:45+02:00,-125
2024-05-19T12:00+02:00,-125
2024-05-19T12:15+02:00,-125
2024-05-19T12:30+02:00,-125
2024-05-19T12:45+02:00,-125
2024-05-19T13:00+02:00,-125
2024-05-19T13:15+02:00,-125
2024-05-19T13:30+02:00,-125
2024-05-19T13:45+02:00,-125
2024-05-19T14:00+02:00,-125
2024-05-19T14:15+02:00,-125
2024-05-19T14:30+02:00,-125
2024-05-19T14:45+02:00,-125
2024-05-19T15:00+02:00,-125
2024-05-19T15:15+02:00,-125
2024-05-19T15:30+02:00,-125
2024-05-19T15:45+02:00,-125
2024-05-19T16:00+02:00,-125
2024-05-19T16:15+02:00,-125
2024-05-19T16:30+02:00,-125
2024-05-19T16:45+02:00,-125
2024-05-19T17:00+02:00,-125
2024-05-19T17:15+02:00,-125
2024-05-19T17:30+02:00,
2024-05-19T17:45+02:00,
2024-05-19T18:00+02:00,
2024-05-19T18:15+02:00,
2024-05-19T18:30+02:00,
2024-05-19T18:45+02:00,
2024-05-19T19:00+02:00,
2024-05-19T19:15+02:00,
2024-05-19T19:30+02:00,
2024-05-19T19:45+02:00,
2024-05-19T20:00+02:00,
2024-05-19T20:15+02:00,
2024-05-19T20:30+02:00,
2024-05-19T20:45+02:00,
2024-05-19T21:00+02:00,
2024-05-19T21:15+02:00,
2024-05-19T21:30+02:00,
2024-05-19T21:45+02:00,
2024-05-19T22:00+02:00,
2024-05-19T22:15+02:00,
2024-05-19T22:30+02:00,
2024-05-19T22:45+02:00,
2024-05-19T23:00+02:00,
2024-05-19T23:15+02:00,
2024-05-19T23:30+02:00,
2024-05-19T23:45+02:00,
2024-05-20T00:00+02:00,
2024-05-20T00:15+02:00,
2024-05-20T00:30+02:00,
2024-05-20T00:45+02:00,
2024-05-20T01:00+02:00,
2024-05-20T01:15+02:00,
2024-05-20T01:30+02:00,
2024-05-20T01:45+02:00,
2024-05-20T02:00+02:00,
2024-05-20T02:15+02:00,
2024-05-20T02:30+02:00,
2024-05-20T02:45+02:00,
2024-05-20T03:00+02:00,
2024-05-20T03:15+02:00,
2024-05-20T03:30+02:00,
2024-05-20T03:45+02:00,
2024-05-20T04:00+02:00,
2024-05-20T04:15+02:00,
2024-05-20T04:30+02:00,
2024-05-20T04:45+02:00,
2024-05-20T05:00+02:00,
2024-05-20T05:15+02:00,
2024-05-20T05:30+02:00,
2024-05-20T05:45+02:00,
2024-05-20T06:00+02:00,
2024-05-20T06:15+02:00,
2024-05-20T06:30+02:00,
2024-05-20T06:45+02:00,
2024-05-20T07:00+02:00,
2024-05-20T07:15+02:00,
2024-05-20T07:30+02:00,
2024-05-20T07:45+02:00,
2024-05-20T08:00+02:00,
2024-05-20T08:15+02:00,
2024-05-20T08:30+02:00,
2024-05-20T08:45+02:00,
2024-05-20T09:00+02:00,-150
2024-05-20T09:15+02:00,-150
2024-05-20T09:30+02:00,-150
2024-05-20T09:45+02:00,-150
2024-05-20T10:00+02:00,-150
2024-05-20T10:15+02:00,-150
2024-05-20T10:30+02:00,-150
2024-05-20T10:45+02:00,-150
2024-05-20T11:00+02:00,-150
2024-05-20T11:15+02:00,-150
2024-05-20T11:30+02:00,-150
2024-05-20T11:45+02:00,-150
2024-05-20T12:00+02:00,-150
2024-05-20T12:15+02:00,-150
2024-05-20T12:30+02:00,-150
2024-05-20T12:45+02:00,-150
2024-05-20T13:00+02:00,-150
2024-05-20T13:15+02:00,-150
2024-05-20T13:30+02:00,-150
2024-05-20T13:45+02:00,-150
2024-05-20T14:00+02:00,-150
2024-05-20T14:15+02:00,-150
2024-05-20T14:30+02:00,-150
2024-05-20T14:45+02:00,-150
2024-05-20T15:00+02:00,-150
2024-05-20T15:15+02:00,-150
2024-05-20T15:30+02:00,-150
2024-05-20T15:45+02:00,-150
2024-05-20T16:00+02:00,-150
2024-05-20T16:15+02:00,-150
2024-05-20T16:30+02:00,-150
2024-05-20T16:45+02:00,-150
2024-05-20T17:00+02:00,
2024-05-20T17:15+02:00,
2024-05-20T17:30+02:00,
2024-05-20T17:45+02:00,
2024-05-20T18:00+02:00,
2024-05-20T18:15+02:00,
2024-05-20T18:30+02:00,
2024-05-20T18:45+02:00,
2024-05-20T19:00+02:00,
2024-05-20T19:15+02:00,
2024-05-20T19:30+02:00,
2024-05-20T19:45+02:00,
2024-05-20T20:00+02:00,
2024-05-20T20:15+02:00,
2024-05-20T20:30+02:00,
2024-05-20T20:45+02:00,
2024-05-20T21:00+02:00,
2024-05-20T21:15+02:00,
2024-05-20T21:30+02:00,
2024-05-20T21:45+02:00,
2024-05-20T22:00+02:00,
2024-05-20T22:15+02:00,
2024-05-20T22:30+02:00,
2024-05-20T22:45+02:00,
2024-05-20T23:00+02:00,
2024-05-20T23:15+02:00,
2024-05-20T23:30+02:00,
2024-05-20T23:45+02:00,
2024-05-21T00:00+02:00,
2024-05-21T00:15+02:00,
2024-05-21T00:30+02:00,
2024-05-21T00:45+02:00,
2024-05-21T01:00+02:00,
2024-05-21T01:15+02:00,
2024-05-21T01:30+02:00,
2024-05-21T01:45+02:00,
2024-05-21T02:00+02:00,
2024-05-21T02:15+02:00,
2024-05-21T02:30+02:00,
2024-05-21T02:45+02:00,
2024-05-21T03:00+02:00,
2024-05-21T03:15+02:00,
2024-05-21T03:30+02:00,
2024-05-21T03:45+02:00,
2024-05-21T04:00+02:00,
2024-05-21T04:15+02:00,
2024-05-21T04:30+02:00,
2024-05-21T04:45+02:00,
2024-05-21T05:00+02:00,
2024-05-21T05:15+02:00,
2024-05-21T05:30+02:00,
2024-05-21T05:45+02:00,
2024-05-21T06:00+02:00,
2024-05-21T06:15+02:00,
2024-05-21T06:30+02:00,
2024-05-21T06:45+02:00,
2024-05-21T07:00+02:00,
2024-05-21T07:15+02:00,
2024-05-21T07:30+02:00,
2024-05-21T07:45+02:00,
2024-05-21T08:00+02:00,
2024-05-21T08:15+02:00,
2024-05-21T08:30+02:00,
2024-05-21T08:45+02:00,
2024-05-21T09:00+02:00,-6.25
2024-05-21T09:15+02:00,-16.25
2024-05-21T09:30+02:00,-23.75
2024-05-21T09:45+02:00,-57
2024-05-21T10:00+02:00,-260.5
2024-05-21T10:15+02:00,-260.5
2024-05-21T10:30+02:00,-260.5
2024-05-21T10:45+02:00,-281.25
2024-05-21T11:00+02:00,-555.75
2024-05-21T11:15+02:00,-630.75
2024-05-21T11:30+02:00,-864.25
2024-05-21T11:45+02:00,-949.75
2024-05-21T12:00+02:00,-997.25
2024-05-21T12:15+02:00,-1012
2024-05-21T12:30+02:00,-1081.75
2024-05-21T12:45+02:00,-1158.75
2024-05-21T13:00+02:00,-1183
2024-05-21T13:15+02:00,-1202.75
2024-05-21T13:30+02:00,-1202.75
2024-05-21T13:45+02:00,-1202.75
2024-05-21T14:00+02:00,-1313.25
2024-05-21T14:15+02:00,-1330.75
2024-05-21T14:30+02:00,-1330.75
2024-05-21T14:45+02:00,-1286
2024-05-21T15:00+02:00,-1128.75
2024-05-21T15:15+02:00,-1123
2024-05-21T15:30+02:00,-1113
2024-05-21T15:45+02:00,-1188
2024-05-21T16:00+02:00,-1093.25
2024-05-21T16:15+02:00,-1078.75
2024-05-21T16:30+02:00,-1050
2024-05-21T16:45+02:00,-1118.75
2024-05-21T17:00+02:00,-1333.75
2024-05-21T17:15+02:00,-1351.75
2024-05-21T17:30+02:00,-1351.75
2024-05-21T17:45+02:00,-1351.75
2024-05-21T18:00+02:00,-1322.5
2024-05-21T18:15+02:00,-1322.5
2024-05-21T18:30+02:00,-1238.75
2024-05-21T18:45+02:00,-1088.75
2024-05-21T19:00+02:00,-1165
2024-05-21T19:15+02:00,-1040
2024-05-21T19:30+02:00,-1065
2024-05-21T19:45+02:00,-1065
2024-05-21T20:00+02:00,-972.5
2024-05-21T20:15+02:00,-910
2024-05-21T20:30+02:00,-916.5
2024-05-21T20:45+02:00,-926
2024-05-21T21:00+02:00,-1003.25
2024-05-21T21:15+02:00,-998
2024-05-21T21:30+02:00,-998
2024-05-21T21:45+02:00,-998
2024-05-21T22:00+02:00,-980.75
2024-05-21T22:15+02:00,-967.25
2024-05-21T22:30+02:00,-969.75
2024-05-21T22:45+02:00,-1032
2024-05-21T23:00+02:00,-919.75
2024-05-21T23:15+02:00,-919.75
2024-05-21T23:30+02:00,-959.75
2024-05-21T23:45+02:00,-999.75
2024-05-22T00:00+02:00,
2024-05-22T00:15+02:00,
2024-05-22T00:30+02:00,
2024-05-22T00:45+02:00,
2024-05-22T01:00+02:00,-100
2024-05-22T01:15+02:00,-125
2024-05-22T01:30+02:00,-125
2024-05-22T01:45+02:00,-125
2024-05-22T02:00+02:00,-125
2024-05-22T02:15+02:00,-125
2024-05-22T02:30+02:00,-125
2024-05-22T02:45+02:00,-125
2024-05-22T03:00+02:00,-125
2024-05-22T03:15+02:00,-125
2024-05-22T03:30+02:00,-125
2024-05-22T03:45+02:00,-125
2024-05-22T04:00+02:00,-125
2024-05-22T04:15+02:00,-125
2024-05-22T04:30+02:00,-125
2024-05-22T04:45+02:00,-125
2024-05-22T05:00+02:00,-125
2024-05-22T05:15+02:00,-125
2024-05-22T05:30+02:00,-100
2024-05-22T05:45+02:00,-100
2024-05-22T06:00+02:00,-190.5
2024-05-22T06:15+02:00,-192.25
2024-05-22T06:30+02:00,-190.5
2024-05-22T06:45+02:00,-190.5
2024-05-22T07:00+02:00,-206.75
2024-05-22T07:15+02:00,-206.75
2024-05-22T07:30+02:00,-206.75
2024-05-22T07:45+02:00,-206.75
2024-05-22T08:00+02:00,-115
2024-05-22T08:15+02:00,-115
2024-05-22T08:30+02:00,-115
2024-05-22T08:45+02:00,-115
2024-05-22T09:00+02:00,-273.75
2024-05-22T09:15+02:00,-185.5
2024-05-22T09:30+02:00,-90
2024-05-22T09:45+02:00,-43.5
2024-05-22T10:00+02:00,-77.5
2024-05-22T10:15+02:00,-7.5
2024-05-22T10:30+02:00,
2024-05-22T10:45+02:00,
2024-05-22T11:00+02:00,
2024-05-22T11:15+02:00,
2024-05-22T11:30+02:00,
2024-05-22T11:45+02:00,
2024-05-22T12:00+02:00,
2024-05-22T12:15+02:00,
2024-05-22T12:30+02:00,
2024-05-22T12:45+02:00,
2024-05-22T13:00+02:00,
2024-05-22T13:15+02:00,
2024-05-22T13:30+02:00,
2024-05-22T13:45+02:00,
2024-05-22T14:00+02:00,
2024-05-22T14:15+02:00,
2024-05-22T14:30+02:00,
2024-05-22T14:45+02:00,
2024-05-22T15:00+02:00,
2024-05-22T15:15+02:00,
2024-05-22T15:30+02:00,
2024-05-22T15:45+02:00,
2024-05-22T16:00+02:00,
2024-05-22T16:15+02:00,
2024-05-22T16:30+02:00,
2024-05-22T16:45+02:00,
2024-05-22T17:00+02:00,
2024-05-22T17:15+02:00,
2024-05-22T17:30+02:00,
2024-05-22T17:45+02:00,
2024-05-22T18:00+02:00,
2024-05-22T18:15+02:00,
2024-05-22T18:30+02:00,
2024-05-22T18:45+02:00,
2024-05-22T19:00+02:00,
2024-05-22T19:15+02:00,
2024-05-22T19:30+02:00,
2024-05-22T19:45+02:00,
2024-05-22T20:00+02:00,
2024-05-22T20:15+02:00,
2024-05-22T20:30+02:00,
2024-05-22T20:45+02:00,
2024-05-22T21:00+02:00,
2024-05-22T21:15+02:00,
2024-05-22T21:30+02:00,
2024-05-22T21:45+02:00,
2024-05-22T22:00+02:00,
2024-05-22T22:15+02:00,
2024-05-22T22:30+02:00,
2024-05-22T22:45+02:00,
2024-05-22T23:00+02:00,
2024-05-22T23:15+02:00,
2024-05-22T23:30+02:00,
2024-05-22T23:45+02:00,
2024-05-23T00:00+02:00,
2024-05-23T00:15+02:00,
2024-05-23T00:30+02:00,
2024-05-23T00:45+02:00,
2024-05-23T01:00+02:00,
2024-05-23T01:15+02:00,
2024-05-23T01:30+02:00,
2024-05-23T01:45+02:00,
2024-05-23T02:00+02:00,
2024-05-23T02:15+02:00,
2024-05-23T02:30+02:00,
2024-05-23T02:45+02:00,
2024-05-23T03:00+02:00,
2024-05-23T03:15+02:00,
2024-05-23T03:30+02:00,
2024-05-23T03:45+02:00,
2024-05-23T04:00+02:00,
2024-05-23T04:15+02:00,
2024-05-23T04:30+02:00,
2024-05-23T04:45+02:00,
2024-05-23T05:00+02:00,
2024-05-23T05:15+02:00,
2024-05-23T05:30+02:00,
2024-05-23T05:45+02:00,
2024-05-23T06:00+02:00,
2024-05-23T06:15+02:00,
2024-05-23T06:30+02:00,
2024-05-23T06:45+02:00,
2024-05-23T07:00+02:00,
2024-05-23T07:15+02:00,
2024-05-23T07:30+02:00,
2024-05-23T07:45+02:00,
2024-05-23T08:00+02:00,
2024-05-23T08:15+02:00,
2024-05-23T08:30+02:00,
2024-05-23T08:45+02:00,
2024-05-23T09:00+02:00,
2024-05-23T09:15+02:00,
2024-05-23T09:30+02:00,
2024-05-23T09:45+02:00,
2024-05-23T10:00+02:00,
2024-05-23T10:15+02:00,
2024-05-23T10:30+02:00,
2024-05-23T10:45+02:00,
2024-05-23T11:00+02:00,-87.5
2024-05-23T11:15+02:00,-87.5
2024-05-23T11:30+02:00,-87.5
2024-05-23T11:45+02:00,-87.5
2024-05-23T12:00+02:00,-87.5
2024-05-23T12:15+02:00,-87.5
2024-05-23T12:30+02:00,-87.5
2024-05-23T12:45+02:00,-87.5
2024-05-23T13:00+02:00,-87.5
2024-05-23T13:15+02:00,-87.5
2024-05-23T13:30+02:00,-87.5
2024-05-23T13:45+02:00,-87.5
2024-05-23T14:00+02:00,-87.5
2024-05-23T14:15+02:00,-87.5
2024-05-23T14:30+02:00,-87.5
2024-05-23T14:45+02:00,-87.5
2024-05-23T15:00+02:00,-87.5
2024-05-23T15:15+02:00,-87.5
2024-05-23T15:30+02:00,-87.5
2024-05-23T15:45+02:00,-87.5
2024-05-23T16:00+02:00,
2024-05-23T16:15+02:00,
2024-05-23T16:30+02:00,
2024-05-23T16:45+02:00,
2024-05-23T17:00+02:00,
2024-05-23T17:15+02:00,
2024-05-23T17:30+02:00,
2024-05-23T17:45+02:00,
2024-05-23T18:00+02:00,
2024-05-23T18:15+02:00,
2024-05-23T18:30+02:00,
2024-05-23T18:45+02:00,
2024-05-23T19:00+02:00,
2024-05-23T19:15+02:00,
2024-05-23T19:30+02:00,
2024-05-23T19:45+02:00,
2024-05-23T20:00+02:00,
2024-05-23T20:15+02:00,
2024-05-23T20:30+02:00,
2024-05-23T20:45+02:00,
2024-05-23T21:00+02:00,
2024-05-23T21:15+02:00,
2024-05-23T21:30+02:00,
2024-05-23T21:45+02:00,
2024-05-23T22:00+02:00,
2024-05-23T22:15+02:00,
2024-05-23T22:30+02:00,
2024-05-23T22:45+02:00,
2024-05-23T23:00+02:00,
2024-05-23T23:15+02:00,
2024-05-23T23:30+02:00,
2024-05-23T23:45+02:00,
2024-05-24T00:00+02:00,
2024-05-24T00:15+02:00,
2024-05-24T00:30+02:00,
2024-05-24T00:45+02:00,
2024-05-24T01:00+02:00,
2024-05-24T01:15+02:00,
2024-05-24T01:30+02:00,
2024-05-24T01:45+02:00,
2024-05-24T02:00+02:00,
2024-05-24T02:15+02:00,
2024-05-24T02:30+02:00,
2024-05-24T02:45+02:00,
2024-05-24T03:00+02:00,
2024-05-24T03:15+02:00,
2024-05-24T03:30+02:00,
2024-05-24T03:45+02:00,
2024-05-24T04:00+02:00,
2024-05-24T04:15+02:00,
2024-05-24T04:30+02:00,
2024-05-24T04:45+02:00,
2024-05-24T05:00+02:00,
2024-05-24T05:15+02:00,
2024-05-24T05:30+02:00,
2024-05-24T05:45+02:00,
2024-05-24T06:00+02:00,
2024-05-24T06:15+02:00,
2024-05-24T06:30+02:00,
2024-05-24T06:45+02:00,
2024-05-24T07:00+02:00,
2024-05-24T07:15+02:00,
2024-05-24T07:30+02:00,
2024-05-24T07:45+02:00,
2024-05-24T08:00+02:00,
2024-05-24T08:15+02:00,
2024-05-24T08:30+02:00,
2024-05-24T08:45+02:00,
2024-05-24T09:00+02:00,
2024-05-24T09:15+02:00,
2024-05-24T09:30+02:00,
2024-05-24T09:45+02:00,
2024-05-24T10:00+02:00,
2024-05-24T10:15+02:00,
2024-05-24T10:30+02:00,
2024-05-24T10:45+02:00,
2024-05-24T11:00+02:00,
2024-05-24T11:15+02:00,
2024-05-24T11:30+02:00,
2024-05-24T11:45+02:00,
2024-05-24T12:00+02:00,
2024-05-24T12:15+02:00,
2024-05-24T12:30+02:00,
2024-05-24T12:45+02:00,
2024-05-24T13:00+02:00,
2024-05-24T13:15+02:00,
2024-05-24T13:30+02:00,
2024-05-24T13:45+02:00,
2024-05-24T14:00+02:00,
2024-05-24T14:15+02:00,
2024-05-24T14:30+02:00,
2024-05-24T14:45+02:00,
2024-05-24T15:00+02:00,
2024-05-24T15:15+02:00,
2024-05-24T15:30+02:00,
2024-05-24T15:45+02:00,
2024-05-24T16:00+02:00,
2024-05-24T16:15+02:00,
2024-05-24T16:30+02:00,
2024-05-24T16:45+02:00,
2024-05-24T17:00+02:00,
2024-05-24T17:15+02:00,
2024-05-24T17:30+02:00,
2024-05-24T17:45+02:00,
2024-05-24T18:00+02:00,
2024-05-24T18:15+02:00,
2024-05-24T18:30+02:00,
2024-05-24T18:45+02:00,
2024-05-24T19:00+02:00,
2024-05-24T19:15+02:00,
2024-05-24T19:30+02:00,
2024-05-24T19:45+02:00,
2024-05-24T20:00+02:00,
2024-05-24T20:15+02:00,
2024-05-24T20:30+02:00,
2024-05-24T20:45+02:00,
2024-05-24T21:00+02:00,
2024-05-24T21:15+02:00,
2024-05-24T21:30+02:00,
2024-05-24T21:45+02:00,
2024-05-24T22:00+02:00,
2024-05-24T22:15+02:00,
2024-05-24T22:30+02:00,
2024-05-24T22:45+02:00,
2024-05-24T23:00+02:00,
2024-05-24T23:15+02:00,
2024-05-24T23:30+02:00,
2024-05-24T23:45+02:00,
2024-05-25T00:00+02:00,
2024-05-25T00:15+02:00,
2024-05-25T00:30+02:00,
2024-05-25T00:45+02:00,
2024-05-25T01:00+02:00,
2024-05-25T01:15+02:00,
2024-05-25T01:30+02:00,
2024-05-25T01:45+02:00,
2024-05-25T02:00+02:00,
2024-05-25T02:15+02:00,
2024-05-25T02:30+02:00,
2024-05-25T02:45+02:00,
2024-05-25T03:00+02:00,
2024-05-25T03:15+02:00,
2024-05-25T03:30+02:00,
2024-05-25T03:45+02:00,
2024-05-25T04:00+02:00,
2024-05-25T04:15+02:00,
2024-05-25T04:30+02:00,
2024-05-25T04:45+02:00,
2024-05-25T05:00+02:00,
2024-05-25T05:15+02:00,
2024-05-25T05:30+02:00,
2024-05-25T05:45+02:00,
2024-05-25T06:00+02:00,
2024-05-25T06:15+02:00,
2024-05-25T06:30+02:00,
2024-05-25T06:45+02:00,
2024-05-25T07:00+02:00,
2024-05-25T07:15+02:00,
2024-05-25T07:30+02:00,
2024-05-25T07:45+02:00,
2024-05-25T08:00+02:00,
2024-05-25T08:15+02:00,
2024-05-25T08:30+02:00,
2024-05-25T08:45+02:00,
2024-05-25T09:00+02:00,
2024-05-25T09:15+02:00,
2024-05-25T09:30+02:00,
2024-05-25T09:45+02:00,
2024-05-25T10:00+02:00,
2024-05-25T10:15+02:00,
2024-05-25T10:30+02:00,
2024-05-25T10:45+02:00,
2024-05-25T11:00+02:00,
2024-05-25T11:15+02:00,
2024-05-25T11:30+02:00,
2024-05-25T11:45+02:00,
2024-05-25T12:00+02:00,
2024-05-25T12:15+02:00,
2024-05-25T12:30+02:00,
2024-05-25T12:45+02:00,
2024-05-25T13:00+02:00,-32.5
2024-05-25T13:15+02:00,-15
2024-05-25T13:30+02:00,-7.5
2024-05-25T13:45+02:00,-7.5
2024-05-25T14:00+02:00,-82.5
2024-05-25T14:15+02:00,-82.5
2024-05-25T14:30+02:00,-82.5
2024-05-25T14:45+02:00,-82.5
2024-05-25T15:00+02:00,-82.5
2024-05-25T15:15+02:00,-82.5
2024-05-25T15:30+02:00,-82.5
2024-05-25T15:45+02:00,-82.5
2024-05-25T16:00+02:00,-82.5
2024-05-25T16:15+02:00,-82.5
2024-05-25T16:30+02:00,-82.5
2024-05-25T16:45+02:00,-82.5
2024-05-25T17:00+02:00,
2024-05-25T17:15+02:00,
2024-05-25T17:30+02:00,
2024-05-25T17:45+02:00,
2024-05-25T18:00+02:00,
2024-05-25T18:15+02:00,
2024-05-25T18:30+02:00,
2024-05-25T18:45+02:00,
2024-05-25T19:00+02:00,
2024-05-25T19:15+02:00,
2024-05-25T19:30+02:00,
2024-05-25T19:45+02:00,
2024-05-25T20:00+02:00,
2024-05-25T20:15+02:00,
2024-05-25T20:30+02:00,
2024-05-25T20:45+02:00,
2024-05-25T21:00+02:00,
2024-05-25T21:15+02:00,
2024-05-25T21:30+02:00,
2024-05-25T21:45+02:00,
2024-05-25T22:00+02:00,
2024-05-25T22:15+02:00,
2024-05-25T22:30+02:00,
2024-05-25T22:45+02:00,
2024-05-25T23:00+02:00,
2024-05-25T23:15+02:00,
2024-05-25T23:30+02:00,
2024-05-25T23:45+02:00,
2024-05-26T00:00+02:00,
2024-05-26T00:15+02:00,
2024-05-26T00:30+02:00,
2024-05-26T00:45+02:00,
2024-05-26T01:00+02:00,
2024-05-26T01:15+02:00,
2024-05-26T01:30+02:00,
2024-05-26T01:45+02:00,
2024-05-26T02:00+02:00,
2024-05-26T02:15+02:00,
2024-05-26T02:30+02:00,
2024-05-26T02:45+02:00,
2024-05-26T03:00+02:00,
2024-05-26T03:15+02:00,
2024-05-26T03:30+02:00,
2024-05-26T03:45+02:00,
2024-05-26T04:00+02:00,
2024-05-26T04:15+02:00,
2024-05-26T04:30+02:00,
2024-05-26T04:45+02:00,
2024-05-26T05:00+02:00,
2024-05-26T05:15+02:00,
2024-05-26T05:30+02:00,
2024-05-26T05:45+02:00,
2024-05-26T06:00+02:00,
2024-05-26T06:15+02:00,
2024-05-26T06:30+02:00,
2024-05-26T06:45+02:00,
2024-05-26T07:00+02:00,
2024-05-26T07:15+02:00,
2024-05-26T07:30+02:00,
2024-05-26T07:45+02:00,
2024-05-26T08:00+02:00,
2024-05-26T08:15+02:00,
2024-05-26T08:30+02:00,
2024-05-26T08:45+02:00,
2024-05-26T09:00+02:00,
2024-05-26T09:15+02:00,-112.5
2024-05-26T09:30+02:00,-112.5
2024-05-26T09:45+02:00,-112.5
2024-05-26T10:00+02:00,-112.5
2024-05-26T10:15+02:00,-112.5
2024-05-26T10:30+02:00,-112.5
2024-05-26T10:45+02:00,-112.5
2024-05-26T11:00+02:00,-112.5
2024-05-26T11:15+02:00,-112.5
2024-05-26T11:30+02:00,-137.5
2024-05-26T11:45+02:00,-137.5
2024-05-26T12:00+02:00,-137.5
2024-05-26T12:15+02:00,-137.5
2024-05-26T12:30+02:00,-137.5
2024-05-26T12:45+02:00,-137.5
2024-05-26T13:00+02:00,-137.5
2024-05-26T13:15+02:00,-137.5
2024-05-26T13:30+02:00,-137.5
2024-05-26T13:45+02:00,-137.5
2024-05-26T14:00+02:00,-137.5
2024-05-26T14:15+02:00,-137.5
2024-05-26T14:30+02:00,-137.5
2024-05-26T14:45+02:00,-137.5
2024-05-26T15:00+02:00,-137.5
2024-05-26T15:15+02:00,-137.5
2024-05-26T15:30+02:00,-137.5
2024-05-26T15:45+02:00,-137.5
2024-05-26T16:00+02:00,-137.5
2024-05-26T16:15+02:00,-137.5
2024-05-26T16:30+02:00,
2024-05-26T16:45+02:00,
2024-05-26T17:00+02:00,
2024-05-26T17:15+02:00,
2024-05-26T17:30+02:00,
2024-05-26T17:45+02:00,
2024-05-26T18:00+02:00,
2024-05-26T18:15+02:00,
2024-05-26T18:30+02:00,
2024-05-26T18:45+02:00,
2024-05-26T19:00+02:00,
2024-05-26T19:15+02:00,
2024-05-26T19:30+02:00,
2024-05-26T19:45+02:00,
2024-05-26T20:00+02:00,
2024-05-26T20:15+02:00,
2024-05-26T20:30+02:00,
2024-05-26T20:45+02:00,
2024-05-26T21:00+02:00,
2024-05-26T21:15+02:00,
2024-05-26T21:30+02:00,
2024-05-26T21:45+02:00,
2024-05-26T22:00+02:00,
2024-05-26T22:15+02:00,
2024-05-26T22:30+02:00,
2024-05-26T22:45+02:00,
2024-05-26T23:00+02:00,
2024-05-26T23:15+02:00,
2024-05-26T23:30+02:00,
2024-05-26T23:45+02:00,
2024-05-27T00:00+02:00,
2024-05-27T00:15+02:00,
2024-05-27T00:30+02:00,
2024-05-27T00:45+02:00,
2024-05-27T01:00+02:00,
2024-05-27T01:15+02:00,
2024-05-27T01:30+02:00,
2024-05-27T01:45+02:00,
2024-05-27T02:00+02:00,
2024-05-27T02:15+02:00,
2024-05-27T02:30+02:00,
2024-05-27T02:45+02:00,
2024-05-27T03:00+02:00,
2024-05-27T03:15+02:00,
2024-05-27T03:30+02:00,
2024-05-27T03:45+02:00,
2024-05-27T04:00+02:00,
2024-05-27T04:15+02:00,
2024-05-27T04:30+02:00,
2024-05-27T04:45+02:00,
2024-05-27T05:00+02:00,
2024-05-27T05:15+02:00,
2024-05-27T05:30+02:00,
2024-05-27T05:45+02:00,
2024-05-27T06:00+02:00,
2024-05-27T06:15+02:00,
2024-05-27T06:30+02:00,
2024-05-27T06:45+02:00,
2024-05-27T07:00+02:00,
2024-05-27T07:15+02:00,
2024-05-27T07:30+02:00,
2024-05-27T07:45+02:00,
2024-05-27T08:00+02:00,
2024-05-27T08:15+02:00,
2024-05-27T08:30+02:00,
2024-05-27T08:45+02:00,
2024-05-27T09:00+02:00,
2024-05-27T09:15+02:00,
2024-05-27T09:30+02:00,
2024-05-27T09:45+02:00,
2024-05-27T10:00+02:00,
2024-05-27T10:15+02:00,
2024-05-27T10:30+02:00,
2024-05-27T10:45+02:00,
2024-05-27T11:00+02:00,
2024-05-27T11:15+02:00,
2024-05-27T11:30+02:00,
2024-05-27T11:45+02:00,
2024-05-27T12:00+02:00,
2024-05-27T12:15+02:00,
2024-05-27T12:30+02:00,
2024-05-27T12:45+02:00,
2024-05-27T13:00+02:00,-50
2024-05-27T13:15+02:00,-50
2024-05-27T13:30+02:00,-50
2024-05-27T13:45+02:00,-150
2024-05-27T14:00+02:00,-150
2024-05-27T14:15+02:00,-150
2024-05-27T14:30+02:00,-150
2024-05-27T14:45+02:00,-150
2024-05-27T15:00+02:00,-150
2024-05-27T15:15+02:00,-150
2024-05-27T15:30+02:00,-150
2024-05-27T15:45+02:00,-150
2024-05-27T16:00+02:00,-150
2024-05-27T16:15+02:00,-150
2024-05-27T16:30+02:00,-150
2024-05-27T16:45+02:00,-150
2024-05-27T17:00+02:00,-50
2024-05-27T17:15+02:00,-50
2024-05-27T17:30+02:00,-50
2024-05-27T17:45+02:00,-50
2024-05-27T18:00+02:00,-50
2024-05-27T18:15+02:00,-50
2024-05-27T18:30+02:00,-50
2024-05-27T18:45+02:00,-50
2024-05-27T19:00+02:00,-50
2024-05-27T19:15+02:00,-50
2024-05-27T19:30+02:00,-50
2024-05-27T19:45+02:00,-50
2024-05-27T20:00+02:00,-50
2024-05-27T20:15+02:00,-50
2024-05-27T20:30+02:00,-50
2024-05-27T20:45+02:00,-50
2024-05-27T21:00+02:00,-50
2024-05-27T21:15+02:00,-50
2024-05-27T21:30+02:00,-50
2024-05-27T21:45+02:00,-50
2024-05-27T22:00+02:00,-50
2024-05-27T22:15+02:00,-50
2024-05-27T22:30+02:00,-50
2024-05-27T22:45+02:00,-50
2024-05-27T23:00+02:00,-50
2024-05-27T23:15+02:00,-50
2024-05-27T23:30+02:00,-50
2024-05-27T23:45+02:00,-50
2024-05-28T00:00+02:00,
2024-05-28T00:15+02:00,
2024-05-28T00:30+02:00,
2024-05-28T00:45+02:00,
2024-05-28T01:00+02:00,
2024-05-28T01:15+02:00,
2024-05-28T01:30+02:00,
2024-05-28T01:45+02:00,
2024-05-28T02:00+02:00,
2024-05-28T02:15+02:00,
2024-05-28T02:30+02:00,
2024-05-28T02:45+02:00,
2024-05-28T03:00+02:00,
2024-05-28T03:15+02:00,
2024-05-28T03:30+02:00,
2024-05-28T03:45+02:00,
2024-05-28T04:00+02:00,
2024-05-28T04:15+02:00,
2024-05-28T04:30+02:00,
2024-05-28T04:45+02:00,
2024-05-28T05:00+02:00,
2024-05-28T05:15+02:00,
2024-05-28T05:30+02:00,
2024-05-28T05:45+02:00,
2024-05-28T06:00+02:00,
2024-05-28T06:15+02:00,
2024-05-28T06:30+02:00,
2024-05-28T06:45+02:00,
2024-05-28T07:00+02:00,
2024-05-28T07:15+02:00,
2024-05-28T07:30+02:00,
2024-05-28T07:45+02:00,
2024-05-28T08:00+02:00,
2024-05-28T08:15+02:00,
2024-05-28T08:30+02:00,
2024-05-28T08:45+02:00,
2024-05-28T09:00+02:00,
2024-05-28T09:15+02:00,
2024-05-28T09:30+02:00,
2024-05-28T09:45+02:00,
2024-05-28T10:00+02:00,
2024-05-28T10:15+02:00,
2024-05-28T10:30+02:00,
2024-05-28T10:45+02:00,
2024-05-28T11:00+02:00,
2024-05-28T11:15+02:00,
2024-05-28T11:30+02:00,
2024-05-28T11:45+02:00,
2024-05-28T12:00+02:00,
2024-05-28T12:15+02:00,
2024-05-28T12:30+02:00,
2024-05-28T12:45+02:00,
2024-05-28T13:00+02:00,
2024-05-28T13:15+02:00,
2024-05-28T13:30+02:00,
2024-05-28T13:45+02:00,
2024-05-28T14:00+02:00,
2024-05-28T14:15+02:00,
2024-05-28T14:30+02:00,
2024-05-28T14:45+02:00,
2024-05-28T15:00+02:00,
2024-05-28T15:15+02:00,
2024-05-28T15:30+02:00,
2024-05-28T15:45+02:00,
2024-05-28T16:00+02:00,
2024-05-28T16:15+02:00,
2024-05-28T16:30+02:00,
2024-05-28T16:45+02:00,
2024-05-28T17:00+02:00,
2024-05-28T17:15+02:00,
2024-05-28T17:30+02:00,
2024-05-28T17:45+02:00,
2024-05-28T18:00+02:00,
2024-05-28T18:15+02:00,
2024-05-28T18:30+02:00,
2024-05-28T18:45+02:00,
2024-05-28T19:00+02:00,
2024-05-28T19:15+02:00,
2024-05-28T19:30+02:00,
2024-05-28T19:45+02:00,
2024-05-28T20:00+02:00,
2024-05-28T20:15+02:00,
2024-05-28T20:30+02:00,
2024-05-28T20:45+02:00,
2024-05-28T21:00+02:00,
2024-05-28T21:15+02:00,
2024-05-28T21:30+02:00,
2024-05-28T21:45+02:00,
2024-05-28T22:00+02:00,
2024-05-28T22:15+02:00,
2024-05-28T22:30+02:00,
2024-05-28T22:45+02:00,
2024-05-28T23:00+02:00,-82.5
2024-05-28T23:15+02:00,-82.5
2024-05-28T23:30+02:00,-102.5
2024-05-28T23:45+02:00,-102.5
2024-05-29T00:00+02:00,-144
2024-05-29T00:15+02:00,-144
2024-05-29T00:30+02:00,-149
2024-05-29T00:45+02:00,-169
2024-05-29T01:00+02:00,-96.25
2024-05-29T01:15+02:00,-96.25
2024-05-29T01:30+02:00,-96.25
2024-05-29T01:45+02:00,-108.75
2024-05-29T02:00+02:00,-133.25
2024-05-29T02:15+02:00,-125
2024-05-29T02:30+02:00,-125
2024-05-29T02:45+02:00,-125
2024-05-29T03:00+02:00,-103.5
2024-05-29T03:15+02:00,-86
2024-05-29T03:30+02:00,-78.5
2024-05-29T03:45+02:00,-78.5
2024-05-29T04:00+02:00,-40
2024-05-29T04:15+02:00,
2024-05-29T04:30+02:00,
2024-05-29T04:45+02:00,
2024-05-29T05:00+02:00,
2024-05-29T05:15+02:00,
2024-05-29T05:30+02:00,
2024-05-29T05:45+02:00,
2024-05-29T06:00+02:00,
2024-05-29T06:15+02:00,
2024-05-29T06:30+02:00,
2024-05-29T06:45+02:00,
2024-05-29T07:00+02:00,
2024-05-29T07:15+02:00,
2024-05-29T07:30+02:00,
2024-05-29T07:45+02:00,
2024-05-29T08:00+02:00,
2024-05-29T08:15+02:00,
2024-05-29T08:30+02:00,
2024-05-29T08:45+02:00,
2024-05-29T09:00+02:00,
2024-05-29T09:15+02:00,
2024-05-29T09:30+02:00,
2024-05-29T09:45+02:00,
2024-05-29T10:00+02:00,
2024-05-29T10:15+02:00,
2024-05-29T10:30+02:00,-112.5
2024-05-29T10:45+02:00,-112.5
2024-05-29T11:00+02:00,-112.5
2024-05-29T11:15+02:00,-112.5
2024-05-29T11:30+02:00,-112.5
2024-05-29T11:45+02:00,-112.5
2024-05-29T12:00+02:00,-112.5
2024-05-29T12:15+02:00,-112.5
2024-05-29T12:30+02:00,-112.5
2024-05-29T12:45+02:00,-112.5
2024-05-29T13:00+02:00,-112.5
2024-05-29T13:15+02:00,-112.5
2024-05-29T13:30+02:00,-112.5
2024-05-29T13:45+02:00,-112.5
2024-05-29T14:00+02:00,-112.5
2024-05-29T14:15+02:00,-112.5
2024-05-29T14:30+02:00,-112.5
2024-05-29T14:45+02:00,-112.5
2024-05-29T15:00+02:00,-112.5
2024-05-29T15:15+02:00,-112.5
2024-05-29T15:30+02:00,-112.5
2024-05-29T15:45+02:00,-112.5
2024-05-29T16:00+02:00,
2024-05-29T16:15+02:00,
2024-05-29T16:30+02:00,
2024-05-29T16:45+02:00,
2024-05-29T17:00+02:00,
2024-05-29T17:15+02:00,
2024-05-29T17:30+02:00,
2024-05-29T17:45+02:00,
2024-05-29T18:00+02:00,
2024-05-29T18:15+02:00,
2024-05-29T18:30+02:00,
2024-05-29T18:45+02:00,
2024-05-29T19:00+02:00,
2024-05-29T19:15+02:00,
2024-05-29T19:30+02:00,
2024-05-29T19:45+02:00,
2024-05-29T20:00+02:00,
2024-05-29T20:15+02:00,
2024-05-29T20:30+02:00,
2024-05-29T20:45+02:00,
2024-05-29T21:00+02:00,
2024-05-29T21:15+02:00,
2024-05-29T21:30+02:00,
2024-05-29T21:45+02:00,
2024-05-29T22:00+02:00,
2024-05-29T22:15+02:00,
2024-05-29T22:30+02:00,
2024-05-29T22:45+02:00,
2024-05-29T23:00+02:00,
2024-05-29T23:15+02:00,
2024-05-29T23:30+02:00,
2024-05-29T23:45+02:00,
2024-05-30T00:00+02:00,
2024-05-30T00:15+02:00,
2024-05-30T00:30+02:00,
2024-05-30T00:45+02:00,
2024-05-30T01:00+02:00,
2024-05-30T01:15+02:00,
2024-05-30T01:30+02:00,
2024-05-30T01:45+02:00,
2024-05-30T02:00+02:00,
2024-05-30T02:15+02:00,
2024-05-30T02:30+02:00,
2024-05-30T02:45+02:00,
2024-05-30T03:00+02:00,
2024-05-30T03:15+02:00,
2024-05-30T03:30+02:00,
2024-05-30T03:45+02:00,
2024-05-30T04:00+02:00,
2024-05-30T04:15+02:00,
2024-05-30T04:30+02:00,
2024-05-30T04:45+02:00,
2024-05-30T05:00+02:00,
2024-05-30T05:15+02:00,
2024-05-30T05:30+02:00,
2024-05-30T05:45+02:00,
2024-05-30T06:00+02:00,
2024-05-30T06:15+02:00,
2024-05-30T06:30+02:00,
2024-05-30T06:45+02:00,
2024-05-30T07:00+02:00,
2024-05-30T07:15+02:00,
2024-05-30T07:30+02:00,
2024-05-30T07:45+02:00,
2024-05-30T08:00+02:00,
2024-05-30T08:15+02:00,
2024-05-30T08:30+02:00,
2024-05-30T08:45+02:00,
2024-05-30T09:00+02:00,
2024-05-30T09:15+02:00,
2024-05-30T09:30+02:00,
2024-05-30T09:45+02:00,
2024-05-30T10:00+02:00,
2024-05-30T10:15+02:00,
2024-05-30T10:30+02:00,
2024-05-30T10:45+02:00,
2024-05-30T11:00+02:00,
2024-05-30T11:15+02:00,
2024-05-30T11:30+02:00,
2024-05-30T11:45+02:00,
2024-05-30T12:00+02:00,
2024-05-30T12:15+02:00,
2024-05-30T12:30+02:00,
2024-05-30T12:45+02:00,
2024-05-30T13:00+02:00,
2024-05-30T13:15+02:00,
2024-05-30T13:30+02:00,
2024-05-30T13:45+02:00,
2024-05-30T14:00+02:00,
2024-05-30T14:15+02:00,
2024-05-30T14:30+02:00,
2024-05-30T14:45+02:00,
2024-05-30T15:00+02:00,
2024-05-30T15:15+02:00,
2024-05-30T15:30+02:00,
2024-05-30T15:45+02:00,
2024-05-30T16:00+02:00,
2024-05-30T16:15+02:00,
2024-05-30T16:30+02:00,
2024-05-30T16:45+02:00,
2024-05-30T17:00+02:00,
2024-05-30T17:15+02:00,
2024-05-30T17:30+02:00,
2024-05-30T17:45+02:00,
2024-05-30T18:00+02:00,
2024-05-30T18:15+02:00,
2024-05-30T18:30+02:00,
2024-05-30T18:45+02:00,
2024-05-30T19:00+02:00,
2024-05-30T19:15+02:00,
2024-05-30T19:30+02:00,
2024-05-30T19:45+02:00,
2024-05-30T20:00+02:00,
2024-05-30T20:15+02:00,
2024-05-30T20:30+02:00,
2024-05-30T20:45+02:00,
2024-05-30T21:00+02:00,
2024-05-30T21:15+02:00,
2024-05-30T21:30+02:00,
2024-05-30T21:45+02:00,
2024-05-30T22:00+02:00,
2024-05-30T22:15+02:00,
2024-05-30T22:30+02:00,
2024-05-30T22:45+02:00,
2024-05-30T23:00+02:00,
2024-05-30T23:15+02:00,
2024-05-30T23:30+02:00,
2024-05-30T23:45+02:00,
2024-05-31T00:00+02:00,
2024-05-31T00:15+02:00,
2024-05-31T00:30+02:00,
2024-05-31T00:45+02:00,
2024-05-31T01:00+02:00,
2024-05-31T01:15+02:00,
2024-05-31T01:30+02:00,
2024-05-31T01:45+02:00,
2024-05-31T02:00+02:00,
2024-05-31T02:15+02:00,
2024-05-31T02:30+02:00,
2024-05-31T02:45+02:00,
2024-05-31T03:00+02:00,
2024-05-31T03:15+02:00,
2024-05-31T03:30+02:00,
2024-05-31T03:45+02:00,
2024-05-31T04:00+02:00,
2024-05-31T04:15+02:00,
2024-05-31T04:30+02:00,
2024-05-31T04:45+02:00,
2024-05-31T05:00+02:00,
2024-05-31T05:15+02:00,
2024-05-31T05:30+02:00,
2024-05-31T05:45+02:00,
2024-05-31T06:00+02:00,
2024-05-31T06:15+02:00,
2024-05-31T06:30+02:00,
2024-05-31T06:45+02:00,
2024-05-31T07:00+02:00,
2024-05-31T07:15+02:00,
2024-05-31T07:30+02:00,
2024-05-31T07:45+02:00,
2024-05-31T08:00+02:00,
2024-05-31T08:15+02:00,
2024-05-31T08:30+02:00,
2024-05-31T08:45+02:00,
2024-05-31T09:00+02:00,
2024-05-31T09:15+02:00,
2024-05-31T09:30+02:00,
2024-05-31T09:45+02:00,
2024-05-31T10:00+02:00,
2024-05-31T10:15+02:00,
2024-05-31T10:30+02:00,
2024-05-31T10:45+02:00,
2024-05-31T11:00+02:00,
2024-05-31T11:15+02:00,
2024-05-31T11:30+02:00,
2024-05-31T11:45+02:00,
2024-05-31T12:00+02:00,
2024-05-31T12:15+02:00,
2024-05-31T12:30+02:00,
2024-05-31T12:45+02:00,
2024-05-31T13:00+02:00,
2024-05-31T13:15+02:00,
2024-05-31T13:30+02:00,
2024-05-31T13:45+02:00,
2024-05-31T14:00+02:00,
2024-05-31T14:15+02:00,
2024-05-31T14:30+02:00,
2024-05-31T14:45+02:00,
2024-05-31T15:00+02:00,
2024-05-31T15:15+02:00,
2024-05-31T15:30+02:00,
2024-05-31T15:45+02:00,
2024-05-31T16:00+02:00,
2024-05-31T16:15+02:00,
2024-05-31T16:30+02:00,
2024-05-31T16:45+02:00,
2024-05-31T17:00+02:00,
2024-05-31T17:15+02:00,
2024-05-31T17:30+02:00,
2024-05-31T17:45+02:00,
2024-05-31T18:00+02:00,
2024-05-31T18:15+02:00,
2024-05-31T18:30+02:00,
2024-05-31T18:45+02:00,
2024-05-31T19:00+02:00,
2024-05-31T19:15+02:00,
2024-05-31T19:30+02:00,
2024-05-31T19:45+02:00,
2024-05-31T20:00+02:00,
2024-05-31T20:15+02:00,
2024-05-31T20:30+02:00,
2024-05-31T20:45+02:00,
2024-05-31T21:00+02:00,
2024-05-31T21:15+02:00,
2024-05-31T21:30+02:00,
2024-05-31T21:45+02:00,
2024-05-31T22:00+02:00,
2024-05-31T22:15+02:00,
2024-05-31T22:30+02:00,
2024-05-31T22:45+02:00,
2024-05-31T23:00+02:00,
2024-05-31T23:15+02:00,
2024-05-31T23:30+02:00,
2024-05-31T23:45+02:00,