Date (GMT+2),DE (TenneT) Load decrease (current-induced),DE (TenneT) Load decrease (voltage-induced)
,Energy (MWh),Energy (MWh)
2024-10-01T00:00+02:00,-606,
2024-10-01T00:15+02:00,-527.25,
2024-10-01T00:30+02:00,-527.25,
2024-10-01T00:45+02:00,-486.25,
2024-10-01T01:00+02:00,-348.25,
2024-10-01T01:15+02:00,-288,
2024-10-01T01:30+02:00,-308,
2024-10-01T01:45+02:00,-320.5,
2024-10-01T02:00+02:00,-339.25,
2024-10-01T02:15+02:00,-329.25,
2024-10-01T02:30+02:00,-309.25,
2024-10-01T02:45+02:00,-309.25,
2024-10-01T03:00+02:00,-271.5,
2024-10-01T03:15+02:00,-271.5,
2024-10-01T03:30+02:00,-271.5,
2024-10-01T03:45+02:00,-199,
2024-10-01T04:00+02:00,-123.5,
2024-10-01T04:15+02:00,-123.5,
2024-10-01T04:30+02:00,-123.5,
2024-10-01T04:45+02:00,-123.5,
2024-10-01T05:00+02:00,-51,
2024-10-01T05:15+02:00,-51,
2024-10-01T05:30+02:00,-51,
2024-10-01T05:45+02:00,-51,
2024-10-01T06:00+02:00,-20.75,
2024-10-01T06:15+02:00,-20.75,
2024-10-01T06:30+02:00,-20.75,
2024-10-01T06:45+02:00,-95.75,
2024-10-01T07:00+02:00,-95,
2024-10-01T07:15+02:00,-95,
2024-10-01T07:30+02:00,-95,
2024-10-01T07:45+02:00,-95,
2024-10-01T08:00+02:00,-240.75,
2024-10-01T08:15+02:00,-240.75,
2024-10-01T08:30+02:00,-240.75,
2024-10-01T08:45+02:00,-240.75,
2024-10-01T09:00+02:00,-236.75,
2024-10-01T09:15+02:00,-236.75,
2024-10-01T09:30+02:00,-236.75,
2024-10-01T09:45+02:00,-236.75,
2024-10-01T10:00+02:00,-236.75,
2024-10-01T10:15+02:00,-236.75,
2024-10-01T10:30+02:00,-236.75,
2024-10-01T10:45+02:00,-236.75,
2024-10-01T11:00+02:00,-170,
2024-10-01T11:15+02:00,-195,
2024-10-01T11:30+02:00,-220,
2024-10-01T11:45+02:00,-220,
2024-10-01T12:00+02:00,-220,
2024-10-01T12:15+02:00,-220,
2024-10-01T12:30+02:00,-220,
2024-10-01T12:45+02:00,-220,
2024-10-01T13:00+02:00,-95,
2024-10-01T13:15+02:00,-20,
2024-10-01T13:30+02:00,-20,
2024-10-01T13:45+02:00,-20,
2024-10-01T14:00+02:00,-20,
2024-10-01T14:15+02:00,-20,
2024-10-01T14:30+02:00,-20,
2024-10-01T14:45+02:00,-20,
2024-10-01T15:00+02:00,-20,
2024-10-01T15:15+02:00,-20,
2024-10-01T15:30+02:00,-20,
2024-10-01T15:45+02:00,-20,
2024-10-01T16:00+02:00,-20,
2024-10-01T16:15+02:00,-20,
2024-10-01T16:30+02:00,-20.25,
2024-10-01T16:45+02:00,-20.25,
2024-10-01T17:00+02:00,-20.25,
2024-10-01T17:15+02:00,-146.5,
2024-10-01T17:30+02:00,-153.5,
2024-10-01T17:45+02:00,-160.5,
2024-10-01T18:00+02:00,-179.25,
2024-10-01T18:15+02:00,-198.75,
2024-10-01T18:30+02:00,-218.25,
2024-10-01T18:45+02:00,-237.5,
2024-10-01T19:00+02:00,-257,
2024-10-01T19:15+02:00,-264,
2024-10-01T19:30+02:00,-265,
2024-10-01T19:45+02:00,-265,
2024-10-01T20:00+02:00,-265,
2024-10-01T20:15+02:00,-265,
2024-10-01T20:30+02:00,-265,
2024-10-01T20:45+02:00,-390,
2024-10-01T21:00+02:00,-390,
2024-10-01T21:15+02:00,-402.5,
2024-10-01T21:30+02:00,-477.5,
2024-10-01T21:45+02:00,-552.5,
2024-10-01T22:00+02:00,-552.5,
2024-10-01T22:15+02:00,-552.5,
2024-10-01T22:30+02:00,-552.5,
2024-10-01T22:45+02:00,-540,
2024-10-01T23:00+02:00,-546.25,
2024-10-01T23:15+02:00,-448.75,
2024-10-01T23:30+02:00,-436.25,
2024-10-01T23:45+02:00,-423.75,
2024-10-02T00:00+02:00,-115.25,
2024-10-02T00:15+02:00,-115.25,
2024-10-02T00:30+02:00,-115.25,
2024-10-02T00:45+02:00,-115.25,
2024-10-02T01:00+02:00,-52.5,
2024-10-02T01:15+02:00,-52.5,
2024-10-02T01:30+02:00,-52.5,
2024-10-02T01:45+02:00,-59.75,
2024-10-02T02:00+02:00,-101.75,
2024-10-02T02:15+02:00,-101.75,
2024-10-02T02:30+02:00,-101.75,
2024-10-02T02:45+02:00,-101.75,
2024-10-02T03:00+02:00,-118.25,
2024-10-02T03:15+02:00,-118.25,
2024-10-02T03:30+02:00,-118.25,
2024-10-02T03:45+02:00,-118.25,
2024-10-02T04:00+02:00,-84.75,
2024-10-02T04:15+02:00,-84.5,
2024-10-02T04:30+02:00,-114.5,
2024-10-02T04:45+02:00,-114.75,
2024-10-02T05:00+02:00,-179.25,
2024-10-02T05:15+02:00,-195.25,
2024-10-02T05:30+02:00,-201.5,
2024-10-02T05:45+02:00,-212.5,
2024-10-02T06:00+02:00,-267.5,
2024-10-02T06:15+02:00,-272,
2024-10-02T06:30+02:00,-291.75,
2024-10-02T06:45+02:00,-305.25,
2024-10-02T07:00+02:00,-325,
2024-10-02T07:15+02:00,-325,
2024-10-02T07:30+02:00,-325,
2024-10-02T07:45+02:00,-325,
2024-10-02T08:00+02:00,-319.25,
2024-10-02T08:15+02:00,-319.25,
2024-10-02T08:30+02:00,-319.25,
2024-10-02T08:45+02:00,-319.25,
2024-10-02T09:00+02:00,-266.75,
2024-10-02T09:15+02:00,-266.75,
2024-10-02T09:30+02:00,-266.75,
2024-10-02T09:45+02:00,-266,
2024-10-02T10:00+02:00,-236,
2024-10-02T10:15+02:00,-236,
2024-10-02T10:30+02:00,-236,
2024-10-02T10:45+02:00,-236,
2024-10-02T11:00+02:00,-223,
2024-10-02T11:15+02:00,-223,
2024-10-02T11:30+02:00,-216.25,
2024-10-02T11:45+02:00,-201.75,
2024-10-02T12:00+02:00,-197.5,
2024-10-02T12:15+02:00,-190.5,
2024-10-02T12:30+02:00,-180,
2024-10-02T12:45+02:00,-179.5,
2024-10-02T13:00+02:00,-171.75,
2024-10-02T13:15+02:00,-171.75,
2024-10-02T13:30+02:00,-171.75,
2024-10-02T13:45+02:00,-171.75,
2024-10-02T14:00+02:00,-175,
2024-10-02T14:15+02:00,-175,
2024-10-02T14:30+02:00,-175,
2024-10-02T14:45+02:00,-175,
2024-10-02T15:00+02:00,-172.5,
2024-10-02T15:15+02:00,-172.5,
2024-10-02T15:30+02:00,-177.75,
2024-10-02T15:45+02:00,-187.5,
2024-10-02T16:00+02:00,-184.75,
2024-10-02T16:15+02:00,-194.5,
2024-10-02T16:30+02:00,-201.5,
2024-10-02T16:45+02:00,-204.25,
2024-10-02T17:00+02:00,-215.75,
2024-10-02T17:15+02:00,-220.25,
2024-10-02T17:30+02:00,-224.75,
2024-10-02T17:45+02:00,-227.75,
2024-10-02T18:00+02:00,-221,
2024-10-02T18:15+02:00,-221,
2024-10-02T18:30+02:00,-221,
2024-10-02T18:45+02:00,-221,
2024-10-02T19:00+02:00,-219.5,
2024-10-02T19:15+02:00,-219.5,
2024-10-02T19:30+02:00,-217,
2024-10-02T19:45+02:00,-217,
2024-10-02T20:00+02:00,-176.5,
2024-10-02T20:15+02:00,-167.25,
2024-10-02T20:30+02:00,-162.75,
2024-10-02T20:45+02:00,-155.75,
2024-10-02T21:00+02:00,-116.25,
2024-10-02T21:15+02:00,-109.5,
2024-10-02T21:30+02:00,-97.25,
2024-10-02T21:45+02:00,-78.75,
2024-10-02T22:00+02:00,-46.25,
2024-10-02T22:15+02:00,-24.75,
2024-10-02T22:30+02:00,-6.5,
2024-10-02T22:45+02:00,,
2024-10-02T23:00+02:00,,
2024-10-02T23:15+02:00,,
2024-10-02T23:30+02:00,,
2024-10-02T23:45+02:00,,
2024-10-03T00:00+02:00,,
2024-10-03T00:15+02:00,,
2024-10-03T00:30+02:00,,
2024-10-03T00:45+02:00,,
2024-10-03T01:00+02:00,,
2024-10-03T01:15+02:00,,
2024-10-03T01:30+02:00,,
2024-10-03T01:45+02:00,,
2024-10-03T02:00+02:00,,
2024-10-03T02:15+02:00,,
2024-10-03T02:30+02:00,,
2024-10-03T02:45+02:00,,
2024-10-03T03:00+02:00,,
2024-10-03T03:15+02:00,,
2024-10-03T03:30+02:00,,
2024-10-03T03:45+02:00,,
2024-10-03T04:00+02:00,,
2024-10-03T04:15+02:00,,
2024-10-03T04:30+02:00,,
2024-10-03T04:45+02:00,,
2024-10-03T05:00+02:00,,
2024-10-03T05:15+02:00,,
2024-10-03T05:30+02:00,,
2024-10-03T05:45+02:00,,
2024-10-03T06:00+02:00,,
2024-10-03T06:15+02:00,,
2024-10-03T06:30+02:00,,
2024-10-03T06:45+02:00,,
2024-10-03T07:00+02:00,,
2024-10-03T07:15+02:00,,
2024-10-03T07:30+02:00,,
2024-10-03T07:45+02:00,,
2024-10-03T08:00+02:00,,
2024-10-03T08:15+02:00,,
2024-10-03T08:30+02:00,,
2024-10-03T08:45+02:00,,
2024-10-03T09:00+02:00,,
2024-10-03T09:15+02:00,,
2024-10-03T09:30+02:00,,
2024-10-03T09:45+02:00,,
2024-10-03T10:00+02:00,,
2024-10-03T10:15+02:00,,
2024-10-03T10:30+02:00,,
2024-10-03T10:45+02:00,,
2024-10-03T11:00+02:00,,
2024-10-03T11:15+02:00,,
2024-10-03T11:30+02:00,,
2024-10-03T11:45+02:00,,
2024-10-03T12:00+02:00,,
2024-10-03T12:15+02:00,,
2024-10-03T12:30+02:00,,
2024-10-03T12:45+02:00,,
2024-10-03T13:00+02:00,,
2024-10-03T13:15+02:00,,
2024-10-03T13:30+02:00,,
2024-10-03T13:45+02:00,,
2024-10-03T14:00+02:00,,
2024-10-03T14:15+02:00,,
2024-10-03T14:30+02:00,,
2024-10-03T14:45+02:00,,
2024-10-03T15:00+02:00,,
2024-10-03T15:15+02:00,,
2024-10-03T15:30+02:00,,
2024-10-03T15:45+02:00,,
2024-10-03T16:00+02:00,,
2024-10-03T16:15+02:00,,
2024-10-03T16:30+02:00,,
2024-10-03T16:45+02:00,,
2024-10-03T17:00+02:00,,
2024-10-03T17:15+02:00,,
2024-10-03T17:30+02:00,,
2024-10-03T17:45+02:00,,
2024-10-03T18:00+02:00,,
2024-10-03T18:15+02:00,,
2024-10-03T18:30+02:00,,
2024-10-03T18:45+02:00,,
2024-10-03T19:00+02:00,,
2024-10-03T19:15+02:00,,
2024-10-03T19:30+02:00,,
2024-10-03T19:45+02:00,,
2024-10-03T20:00+02:00,,
2024-10-03T20:15+02:00,,
2024-10-03T20:30+02:00,,
2024-10-03T20:45+02:00,,
2024-10-03T21:00+02:00,,
2024-10-03T21:15+02:00,,
2024-10-03T21:30+02:00,,
2024-10-03T21:45+02:00,,
2024-10-03T22:00+02:00,,
2024-10-03T22:15+02:00,,
2024-10-03T22:30+02:00,,
2024-10-03T22:45+02:00,,
2024-10-03T23:00+02:00,,
2024-10-03T23:15+02:00,,
2024-10-03T23:30+02:00,,
2024-10-03T23:45+02:00,,
2024-10-04T00:00+02:00,,
2024-10-04T00:15+02:00,,
2024-10-04T00:30+02:00,,
2024-10-04T00:45+02:00,,
2024-10-04T01:00+02:00,,
2024-10-04T01:15+02:00,,
2024-10-04T01:30+02:00,,
2024-10-04T01:45+02:00,,
2024-10-04T02:00+02:00,,
2024-10-04T02:15+02:00,,
2024-10-04T02:30+02:00,,
2024-10-04T02:45+02:00,,
2024-10-04T03:00+02:00,,
2024-10-04T03:15+02:00,,
2024-10-04T03:30+02:00,,
2024-10-04T03:45+02:00,,
2024-10-04T04:00+02:00,,
2024-10-04T04:15+02:00,,
2024-10-04T04:30+02:00,,
2024-10-04T04:45+02:00,,
2024-10-04T05:00+02:00,,
2024-10-04T05:15+02:00,,
2024-10-04T05:30+02:00,,
2024-10-04T05:45+02:00,,
2024-10-04T06:00+02:00,,
2024-10-04T06:15+02:00,,
2024-10-04T06:30+02:00,,
2024-10-04T06:45+02:00,,
2024-10-04T07:00+02:00,,
2024-10-04T07:15+02:00,,
2024-10-04T07:30+02:00,,
2024-10-04T07:45+02:00,,
2024-10-04T08:00+02:00,,
2024-10-04T08:15+02:00,,
2024-10-04T08:30+02:00,,
2024-10-04T08:45+02:00,,
2024-10-04T09:00+02:00,,
2024-10-04T09:15+02:00,,
2024-10-04T09:30+02:00,,
2024-10-04T09:45+02:00,,
2024-10-04T10:00+02:00,,
2024-10-04T10:15+02:00,,
2024-10-04T10:30+02:00,,
2024-10-04T10:45+02:00,,
2024-10-04T11:00+02:00,,
2024-10-04T11:15+02:00,,
2024-10-04T11:30+02:00,,
2024-10-04T11:45+02:00,,
2024-10-04T12:00+02:00,,
2024-10-04T12:15+02:00,,
2024-10-04T12:30+02:00,,
2024-10-04T12:45+02:00,,
2024-10-04T13:00+02:00,,
2024-10-04T13:15+02:00,,
2024-10-04T13:30+02:00,,
2024-10-04T13:45+02:00,,
2024-10-04T14:00+02:00,,
2024-10-04T14:15+02:00,,
2024-10-04T14:30+02:00,,
2024-10-04T14:45+02:00,,
2024-10-04T15:00+02:00,,
2024-10-04T15:15+02:00,,
2024-10-04T15:30+02:00,,
2024-10-04T15:45+02:00,,
2024-10-04T16:00+02:00,,
2024-10-04T16:15+02:00,,
2024-10-04T16:30+02:00,,
2024-10-04T16:45+02:00,,
2024-10-04T17:00+02:00,,
2024-10-04T17:15+02:00,,
2024-10-04T17:30+02:00,,
2024-10-04T17:45+02:00,,
2024-10-04T18:00+02:00,,
2024-10-04T18:15+02:00,,
2024-10-04T18:30+02:00,,
2024-10-04T18:45+02:00,,
2024-10-04T19:00+02:00,,
2024-10-04T19:15+02:00,,
2024-10-04T19:30+02:00,,
2024-10-04T19:45+02:00,,
2024-10-04T20:00+02:00,,
2024-10-04T20:15+02:00,,
2024-10-04T20:30+02:00,,
2024-10-04T20:45+02:00,,
2024-10-04T21:00+02:00,,
2024-10-04T21:15+02:00,,
2024-10-04T21:30+02:00,,
2024-10-04T21:45+02:00,,
2024-10-04T22:00+02:00,,
2024-10-04T22:15+02:00,,
2024-10-04T22:30+02:00,,
2024-10-04T22:45+02:00,,
2024-10-04T23:00+02:00,,
2024-10-04T23:15+02:00,,
2024-10-04T23:30+02:00,,
2024-10-04T23:45+02:00,,
2024-10-05T00:00+02:00,,
2024-10-05T00:15+02:00,,
2024-10-05T00:30+02:00,,
2024-10-05T00:45+02:00,,
2024-10-05T01:00+02:00,,
2024-10-05T01:15+02:00,,
2024-10-05T01:30+02:00,,
2024-10-05T01:45+02:00,,
2024-10-05T02:00+02:00,,
2024-10-05T02:15+02:00,,
2024-10-05T02:30+02:00,,
2024-10-05T02:45+02:00,,
2024-10-05T03:00+02:00,,
2024-10-05T03:15+02:00,,
2024-10-05T03:30+02:00,,
2024-10-05T03:45+02:00,,
2024-10-05T04:00+02:00,,
2024-10-05T04:15+02:00,,
2024-10-05T04:30+02:00,,
2024-10-05T04:45+02:00,,
2024-10-05T05:00+02:00,,
2024-10-05T05:15+02:00,,
2024-10-05T05:30+02:00,,
2024-10-05T05:45+02:00,,
2024-10-05T06:00+02:00,,
2024-10-05T06:15+02:00,,
2024-10-05T06:30+02:00,,
2024-10-05T06:45+02:00,,
2024-10-05T07:00+02:00,,
2024-10-05T07:15+02:00,,
2024-10-05T07:30+02:00,,
2024-10-05T07:45+02:00,,
2024-10-05T08:00+02:00,,
2024-10-05T08:15+02:00,,
2024-10-05T08:30+02:00,,
2024-10-05T08:45+02:00,,
2024-10-05T09:00+02:00,,
2024-10-05T09:15+02:00,,
2024-10-05T09:30+02:00,,
2024-10-05T09:45+02:00,,
2024-10-05T10:00+02:00,,
2024-10-05T10:15+02:00,,
2024-10-05T10:30+02:00,,
2024-10-05T10:45+02:00,,
2024-10-05T11:00+02:00,,
2024-10-05T11:15+02:00,,
2024-10-05T11:30+02:00,,
2024-10-05T11:45+02:00,,
2024-10-05T12:00+02:00,,
2024-10-05T12:15+02:00,,
2024-10-05T12:30+02:00,,
2024-10-05T12:45+02:00,,
2024-10-05T13:00+02:00,,
2024-10-05T13:15+02:00,,
2024-10-05T13:30+02:00,,
2024-10-05T13:45+02:00,,
2024-10-05T14:00+02:00,,
2024-10-05T14:15+02:00,,
2024-10-05T14:30+02:00,,
2024-10-05T14:45+02:00,,
2024-10-05T15:00+02:00,,
2024-10-05T15:15+02:00,,
2024-10-05T15:30+02:00,,
2024-10-05T15:45+02:00,,
2024-10-05T16:00+02:00,,
2024-10-05T16:15+02:00,,
2024-10-05T16:30+02:00,,
2024-10-05T16:45+02:00,,
2024-10-05T17:00+02:00,,
2024-10-05T17:15+02:00,,
2024-10-05T17:30+02:00,,
2024-10-05T17:45+02:00,,
2024-10-05T18:00+02:00,,
2024-10-05T18:15+02:00,,
2024-10-05T18:30+02:00,,
2024-10-05T18:45+02:00,,
2024-10-05T19:00+02:00,,
2024-10-05T19:15+02:00,,
2024-10-05T19:30+02:00,,
2024-10-05T19:45+02:00,,
2024-10-05T20:00+02:00,,
2024-10-05T20:15+02:00,,
2024-10-05T20:30+02:00,,
2024-10-05T20:45+02:00,,
2024-10-05T21:00+02:00,,
2024-10-05T21:15+02:00,,
2024-10-05T21:30+02:00,,
2024-10-05T21:45+02:00,,
2024-10-05T22:00+02:00,,
2024-10-05T22:15+02:00,,
2024-10-05T22:30+02:00,,
2024-10-05T22:45+02:00,,
2024-10-05T23:00+02:00,,-1
2024-10-05T23:15+02:00,,-1
2024-10-05T23:30+02:00,,-1
2024-10-05T23:45+02:00,,-1
2024-10-06T00:00+02:00,,-1
2024-10-06T00:15+02:00,,-1
2024-10-06T00:30+02:00,,-1
2024-10-06T00:45+02:00,,-1
2024-10-06T01:00+02:00,,-1
2024-10-06T01:15+02:00,,-1
2024-10-06T01:30+02:00,,-1
2024-10-06T01:45+02:00,,-1
2024-10-06T02:00+02:00,,-1
2024-10-06T02:15+02:00,,-1
2024-10-06T02:30+02:00,,-1
2024-10-06T02:45+02:00,,-1
2024-10-06T03:00+02:00,,-1
2024-10-06T03:15+02:00,,-1
2024-10-06T03:30+02:00,,-1
2024-10-06T03:45+02:00,,-1
2024-10-06T04:00+02:00,,-1
2024-10-06T04:15+02:00,,-1
2024-10-06T04:30+02:00,,-1
2024-10-06T04:45+02:00,,-1
2024-10-06T05:00+02:00,,-1
2024-10-06T05:15+02:00,,-1
2024-10-06T05:30+02:00,,-1
2024-10-06T05:45+02:00,,-1
2024-10-06T06:00+02:00,,-1
2024-10-06T06:15+02:00,,-1
2024-10-06T06:30+02:00,,-1
2024-10-06T06:45+02:00,,-1
2024-10-06T07:00+02:00,,
2024-10-06T07:15+02:00,,
2024-10-06T07:30+02:00,,
2024-10-06T07:45+02:00,,
2024-10-06T08:00+02:00,,
2024-10-06T08:15+02:00,,
2024-10-06T08:30+02:00,,
2024-10-06T08:45+02:00,,
2024-10-06T09:00+02:00,,
2024-10-06T09:15+02:00,,
2024-10-06T09:30+02:00,,
2024-10-06T09:45+02:00,,
2024-10-06T10:00+02:00,,
2024-10-06T10:15+02:00,,
2024-10-06T10:30+02:00,,
2024-10-06T10:45+02:00,,
2024-10-06T11:00+02:00,,
2024-10-06T11:15+02:00,,
2024-10-06T11:30+02:00,,
2024-10-06T11:45+02:00,,
2024-10-06T12:00+02:00,,
2024-10-06T12:15+02:00,,
2024-10-06T12:30+02:00,,
2024-10-06T12:45+02:00,,
2024-10-06T13:00+02:00,,
2024-10-06T13:15+02:00,,
2024-10-06T13:30+02:00,,
2024-10-06T13:45+02:00,,
2024-10-06T14:00+02:00,,
2024-10-06T14:15+02:00,,
2024-10-06T14:30+02:00,,
2024-10-06T14:45+02:00,,
2024-10-06T15:00+02:00,,
2024-10-06T15:15+02:00,,
2024-10-06T15:30+02:00,,
2024-10-06T15:45+02:00,,
2024-10-06T16:00+02:00,,
2024-10-06T16:15+02:00,,
2024-10-06T16:30+02:00,-18,
2024-10-06T16:45+02:00,-31,
2024-10-06T17:00+02:00,-40.25,
2024-10-06T17:15+02:00,-40.25,
2024-10-06T17:30+02:00,-74.75,
2024-10-06T17:45+02:00,-150.75,
2024-10-06T18:00+02:00,-160,
2024-10-06T18:15+02:00,-181,
2024-10-06T18:30+02:00,-198.25,
2024-10-06T18:45+02:00,-296.5,
2024-10-06T19:00+02:00,-103.75,
2024-10-06T19:15+02:00,-101.25,
2024-10-06T19:30+02:00,-101.25,
2024-10-06T19:45+02:00,-119,
2024-10-06T20:00+02:00,-149.75,
2024-10-06T20:15+02:00,-149.75,
2024-10-06T20:30+02:00,-160.5,
2024-10-06T20:45+02:00,-173,
2024-10-06T21:00+02:00,-148.75,
2024-10-06T21:15+02:00,-148.75,
2024-10-06T21:30+02:00,-148.75,
2024-10-06T21:45+02:00,-148.75,
2024-10-06T22:00+02:00,-142.5,
2024-10-06T22:15+02:00,-142.5,
2024-10-06T22:30+02:00,-142.5,
2024-10-06T22:45+02:00,-142.5,
2024-10-06T23:00+02:00,-130,
2024-10-06T23:15+02:00,-130,
2024-10-06T23:30+02:00,-130,
2024-10-06T23:45+02:00,-130,
2024-10-07T00:00+02:00,,
2024-10-07T00:15+02:00,,
2024-10-07T00:30+02:00,,
2024-10-07T00:45+02:00,,
2024-10-07T01:00+02:00,,
2024-10-07T01:15+02:00,,
2024-10-07T01:30+02:00,,
2024-10-07T01:45+02:00,,
2024-10-07T02:00+02:00,,
2024-10-07T02:15+02:00,,
2024-10-07T02:30+02:00,,
2024-10-07T02:45+02:00,,
2024-10-07T03:00+02:00,,
2024-10-07T03:15+02:00,,
2024-10-07T03:30+02:00,,
2024-10-07T03:45+02:00,,
2024-10-07T04:00+02:00,,
2024-10-07T04:15+02:00,,
2024-10-07T04:30+02:00,,
2024-10-07T04:45+02:00,,
2024-10-07T05:00+02:00,,
2024-10-07T05:15+02:00,,
2024-10-07T05:30+02:00,,
2024-10-07T05:45+02:00,,
2024-10-07T06:00+02:00,-16.75,
2024-10-07T06:15+02:00,-16.75,
2024-10-07T06:30+02:00,-16.75,
2024-10-07T06:45+02:00,-16.75,
2024-10-07T07:00+02:00,-44.5,
2024-10-07T07:15+02:00,-44.5,
2024-10-07T07:30+02:00,-44.5,
2024-10-07T07:45+02:00,-44.5,
2024-10-07T08:00+02:00,-44.25,
2024-10-07T08:15+02:00,-44.25,
2024-10-07T08:30+02:00,-44.25,
2024-10-07T08:45+02:00,-44.25,
2024-10-07T09:00+02:00,-51,
2024-10-07T09:15+02:00,-51,
2024-10-07T09:30+02:00,-51,
2024-10-07T09:45+02:00,-51,
2024-10-07T10:00+02:00,-20.5,
2024-10-07T10:15+02:00,-20.5,
2024-10-07T10:30+02:00,-45.5,
2024-10-07T10:45+02:00,-108,
2024-10-07T11:00+02:00,-172.5,
2024-10-07T11:15+02:00,-177.5,
2024-10-07T11:30+02:00,-177.5,
2024-10-07T11:45+02:00,-177.5,
2024-10-07T12:00+02:00,-100,
2024-10-07T12:15+02:00,-100,
2024-10-07T12:30+02:00,-100,
2024-10-07T12:45+02:00,-100,
2024-10-07T13:00+02:00,-100,
2024-10-07T13:15+02:00,-100,
2024-10-07T13:30+02:00,-100,
2024-10-07T13:45+02:00,-100,
2024-10-07T14:00+02:00,-100,
2024-10-07T14:15+02:00,-100,
2024-10-07T14:30+02:00,-100,
2024-10-07T14:45+02:00,-100,
2024-10-07T15:00+02:00,,
2024-10-07T15:15+02:00,,
2024-10-07T15:30+02:00,,
2024-10-07T15:45+02:00,,
2024-10-07T16:00+02:00,,
2024-10-07T16:15+02:00,,
2024-10-07T16:30+02:00,,
2024-10-07T16:45+02:00,,
2024-10-07T17:00+02:00,,
2024-10-07T17:15+02:00,,
2024-10-07T17:30+02:00,,
2024-10-07T17:45+02:00,,
2024-10-07T18:00+02:00,,
2024-10-07T18:15+02:00,,
2024-10-07T18:30+02:00,,
2024-10-07T18:45+02:00,,
2024-10-07T19:00+02:00,,
2024-10-07T19:15+02:00,,
2024-10-07T19:30+02:00,,
2024-10-07T19:45+02:00,,
2024-10-07T20:00+02:00,,
2024-10-07T20:15+02:00,,
2024-10-07T20:30+02:00,,
2024-10-07T20:45+02:00,,
2024-10-07T21:00+02:00,,
2024-10-07T21:15+02:00,,
2024-10-07T21:30+02:00,,
2024-10-07T21:45+02:00,,
2024-10-07T22:00+02:00,,
2024-10-07T22:15+02:00,,
2024-10-07T22:30+02:00,,
2024-10-07T22:45+02:00,,
2024-10-07T23:00+02:00,,
2024-10-07T23:15+02:00,,
2024-10-07T23:30+02:00,,
2024-10-07T23:45+02:00,,
2024-10-08T00:00+02:00,,
2024-10-08T00:15+02:00,,
2024-10-08T00:30+02:00,,
2024-10-08T00:45+02:00,,
2024-10-08T01:00+02:00,,
2024-10-08T01:15+02:00,,
2024-10-08T01:30+02:00,,
2024-10-08T01:45+02:00,,
2024-10-08T02:00+02:00,,
2024-10-08T02:15+02:00,,
2024-10-08T02:30+02:00,,
2024-10-08T02:45+02:00,,
2024-10-08T03:00+02:00,,
2024-10-08T03:15+02:00,,
2024-10-08T03:30+02:00,,
2024-10-08T03:45+02:00,,
2024-10-08T04:00+02:00,,
2024-10-08T04:15+02:00,,
2024-10-08T04:30+02:00,,
2024-10-08T04:45+02:00,,
2024-10-08T05:00+02:00,,
2024-10-08T05:15+02:00,,
2024-10-08T05:30+02:00,,
2024-10-08T05:45+02:00,,
2024-10-08T06:00+02:00,,
2024-10-08T06:15+02:00,,
2024-10-08T06:30+02:00,,
2024-10-08T06:45+02:00,,
2024-10-08T07:00+02:00,,
2024-10-08T07:15+02:00,,
2024-10-08T07:30+02:00,,
2024-10-08T07:45+02:00,,
2024-10-08T08:00+02:00,,
2024-10-08T08:15+02:00,,
2024-10-08T08:30+02:00,,
2024-10-08T08:45+02:00,,
2024-10-08T09:00+02:00,,
2024-10-08T09:15+02:00,,
2024-10-08T09:30+02:00,,
2024-10-08T09:45+02:00,,
2024-10-08T10:00+02:00,-75,
2024-10-08T10:15+02:00,-75,
2024-10-08T10:30+02:00,-75,
2024-10-08T10:45+02:00,-75,
2024-10-08T11:00+02:00,-158.25,
2024-10-08T11:15+02:00,-158.25,
2024-10-08T11:30+02:00,-158.25,
2024-10-08T11:45+02:00,-158.25,
2024-10-08T12:00+02:00,-75,
2024-10-08T12:15+02:00,-75,
2024-10-08T12:30+02:00,-75,
2024-10-08T12:45+02:00,-75,
2024-10-08T13:00+02:00,-75,
2024-10-08T13:15+02:00,-75,
2024-10-08T13:30+02:00,-75,
2024-10-08T13:45+02:00,-75,
2024-10-08T14:00+02:00,-75,
2024-10-08T14:15+02:00,-75,
2024-10-08T14:30+02:00,-75,
2024-10-08T14:45+02:00,-75,
2024-10-08T15:00+02:00,,
2024-10-08T15:15+02:00,,
2024-10-08T15:30+02:00,,
2024-10-08T15:45+02:00,,
2024-10-08T16:00+02:00,,
2024-10-08T16:15+02:00,,
2024-10-08T16:30+02:00,,
2024-10-08T16:45+02:00,,
2024-10-08T17:00+02:00,,
2024-10-08T17:15+02:00,,
2024-10-08T17:30+02:00,,
2024-10-08T17:45+02:00,,
2024-10-08T18:00+02:00,,
2024-10-08T18:15+02:00,,
2024-10-08T18:30+02:00,,
2024-10-08T18:45+02:00,,
2024-10-08T19:00+02:00,,
2024-10-08T19:15+02:00,,
2024-10-08T19:30+02:00,,
2024-10-08T19:45+02:00,,
2024-10-08T20:00+02:00,,
2024-10-08T20:15+02:00,,
2024-10-08T20:30+02:00,,
2024-10-08T20:45+02:00,,
2024-10-08T21:00+02:00,,
2024-10-08T21:15+02:00,,
2024-10-08T21:30+02:00,,
2024-10-08T21:45+02:00,,
2024-10-08T22:00+02:00,,
2024-10-08T22:15+02:00,,
2024-10-08T22:30+02:00,,
2024-10-08T22:45+02:00,,
2024-10-08T23:00+02:00,,
2024-10-08T23:15+02:00,,
2024-10-08T23:30+02:00,,
2024-10-08T23:45+02:00,,
2024-10-09T00:00+02:00,,
2024-10-09T00:15+02:00,,
2024-10-09T00:30+02:00,,
2024-10-09T00:45+02:00,,
2024-10-09T01:00+02:00,,
2024-10-09T01:15+02:00,,
2024-10-09T01:30+02:00,,
2024-10-09T01:45+02:00,,
2024-10-09T02:00+02:00,,
2024-10-09T02:15+02:00,,
2024-10-09T02:30+02:00,,
2024-10-09T02:45+02:00,,
2024-10-09T03:00+02:00,,
2024-10-09T03:15+02:00,,
2024-10-09T03:30+02:00,,
2024-10-09T03:45+02:00,,
2024-10-09T04:00+02:00,,
2024-10-09T04:15+02:00,,
2024-10-09T04:30+02:00,,
2024-10-09T04:45+02:00,,
2024-10-09T05:00+02:00,,
2024-10-09T05:15+02:00,,
2024-10-09T05:30+02:00,,
2024-10-09T05:45+02:00,,
2024-10-09T06:00+02:00,,
2024-10-09T06:15+02:00,,
2024-10-09T06:30+02:00,,
2024-10-09T06:45+02:00,,
2024-10-09T07:00+02:00,,
2024-10-09T07:15+02:00,,
2024-10-09T07:30+02:00,,
2024-10-09T07:45+02:00,,
2024-10-09T08:00+02:00,,
2024-10-09T08:15+02:00,,
2024-10-09T08:30+02:00,,
2024-10-09T08:45+02:00,,
2024-10-09T09:00+02:00,,
2024-10-09T09:15+02:00,,
2024-10-09T09:30+02:00,,
2024-10-09T09:45+02:00,,
2024-10-09T10:00+02:00,,
2024-10-09T10:15+02:00,,
2024-10-09T10:30+02:00,,
2024-10-09T10:45+02:00,,
2024-10-09T11:00+02:00,-75,
2024-10-09T11:15+02:00,-75,
2024-10-09T11:30+02:00,-75,
2024-10-09T11:45+02:00,-75,
2024-10-09T12:00+02:00,-75,
2024-10-09T12:15+02:00,-75,
2024-10-09T12:30+02:00,-75,
2024-10-09T12:45+02:00,-75,
2024-10-09T13:00+02:00,-75,
2024-10-09T13:15+02:00,-75,
2024-10-09T13:30+02:00,-75,
2024-10-09T13:45+02:00,-75,
2024-10-09T14:00+02:00,-75,
2024-10-09T14:15+02:00,-75,
2024-10-09T14:30+02:00,-75,
2024-10-09T14:45+02:00,-75,
2024-10-09T15:00+02:00,,
2024-10-09T15:15+02:00,,
2024-10-09T15:30+02:00,,
2024-10-09T15:45+02:00,,
2024-10-09T16:00+02:00,,
2024-10-09T16:15+02:00,,
2024-10-09T16:30+02:00,,
2024-10-09T16:45+02:00,,
2024-10-09T17:00+02:00,,
2024-10-09T17:15+02:00,,
2024-10-09T17:30+02:00,,
2024-10-09T17:45+02:00,,
2024-10-09T18:00+02:00,,
2024-10-09T18:15+02:00,,
2024-10-09T18:30+02:00,,
2024-10-09T18:45+02:00,,
2024-10-09T19:00+02:00,,
2024-10-09T19:15+02:00,,
2024-10-09T19:30+02:00,,
2024-10-09T19:45+02:00,,
2024-10-09T20:00+02:00,,
2024-10-09T20:15+02:00,,
2024-10-09T20:30+02:00,,
2024-10-09T20:45+02:00,,
2024-10-09T21:00+02:00,,
2024-10-09T21:15+02:00,,
2024-10-09T21:30+02:00,,
2024-10-09T21:45+02:00,,
2024-10-09T22:00+02:00,,
2024-10-09T22:15+02:00,,
2024-10-09T22:30+02:00,,
2024-10-09T22:45+02:00,,
2024-10-09T23:00+02:00,,
2024-10-09T23:15+02:00,,
2024-10-09T23:30+02:00,,
2024-10-09T23:45+02:00,,
2024-10-10T00:00+02:00,,
2024-10-10T00:15+02:00,,
2024-10-10T00:30+02:00,,
2024-10-10T00:45+02:00,,
2024-10-10T01:00+02:00,,
2024-10-10T01:15+02:00,,
2024-10-10T01:30+02:00,,
2024-10-10T01:45+02:00,,
2024-10-10T02:00+02:00,,
2024-10-10T02:15+02:00,,
2024-10-10T02:30+02:00,,
2024-10-10T02:45+02:00,,
2024-10-10T03:00+02:00,,
2024-10-10T03:15+02:00,,
2024-10-10T03:30+02:00,,
2024-10-10T03:45+02:00,,
2024-10-10T04:00+02:00,,
2024-10-10T04:15+02:00,,
2024-10-10T04:30+02:00,,
2024-10-10T04:45+02:00,,
2024-10-10T05:00+02:00,,
2024-10-10T05:15+02:00,,
2024-10-10T05:30+02:00,,
2024-10-10T05:45+02:00,,
2024-10-10T06:00+02:00,,
2024-10-10T06:15+02:00,,
2024-10-10T06:30+02:00,-15,
2024-10-10T06:45+02:00,-30,
2024-10-10T07:00+02:00,-119.5,
2024-10-10T07:15+02:00,-124.5,
2024-10-10T07:30+02:00,-171.5,
2024-10-10T07:45+02:00,-171.5,
2024-10-10T08:00+02:00,-311,
2024-10-10T08:15+02:00,-308.5,
2024-10-10T08:30+02:00,-313.5,
2024-10-10T08:45+02:00,-318.5,
2024-10-10T09:00+02:00,-359.75,
2024-10-10T09:15+02:00,-372.25,
2024-10-10T09:30+02:00,-406.25,
2024-10-10T09:45+02:00,-511.5,
2024-10-10T10:00+02:00,-465.75,
2024-10-10T10:15+02:00,-460.5,
2024-10-10T10:30+02:00,-465.5,
2024-10-10T10:45+02:00,-520.75,
2024-10-10T11:00+02:00,-683.75,
2024-10-10T11:15+02:00,-711,
2024-10-10T11:30+02:00,-687,
2024-10-10T11:45+02:00,-704,
2024-10-10T12:00+02:00,-734.75,
2024-10-10T12:15+02:00,-709.75,
2024-10-10T12:30+02:00,-714.75,
2024-10-10T12:45+02:00,-722.25,
2024-10-10T13:00+02:00,-630.5,
2024-10-10T13:15+02:00,-608,
2024-10-10T13:30+02:00,-608,
2024-10-10T13:45+02:00,-643.25,
2024-10-10T14:00+02:00,-705.75,
2024-10-10T14:15+02:00,-772.25,
2024-10-10T14:30+02:00,-924,
2024-10-10T14:45+02:00,-1002.5,
2024-10-10T15:00+02:00,-1049.75,
2024-10-10T15:15+02:00,-1097.75,
2024-10-10T15:30+02:00,-1097.75,
2024-10-10T15:45+02:00,-1066,
2024-10-10T16:00+02:00,-976.25,
2024-10-10T16:15+02:00,-970.25,
2024-10-10T16:30+02:00,-957.75,
2024-10-10T16:45+02:00,-945.25,
2024-10-10T17:00+02:00,-958.75,
2024-10-10T17:15+02:00,-936.25,
2024-10-10T17:30+02:00,-923.75,
2024-10-10T17:45+02:00,-862.25,
2024-10-10T18:00+02:00,-708.75,
2024-10-10T18:15+02:00,-666.25,
2024-10-10T18:30+02:00,-592.5,
2024-10-10T18:45+02:00,-595,
2024-10-10T19:00+02:00,-581.75,
2024-10-10T19:15+02:00,-517.5,
2024-10-10T19:30+02:00,-517.5,
2024-10-10T19:45+02:00,-512.75,
2024-10-10T20:00+02:00,-365.75,
2024-10-10T20:15+02:00,-348.25,
2024-10-10T20:30+02:00,-347,
2024-10-10T20:45+02:00,-348.25,
2024-10-10T21:00+02:00,-298.5,
2024-10-10T21:15+02:00,-298.5,
2024-10-10T21:30+02:00,-298.5,
2024-10-10T21:45+02:00,-298.5,
2024-10-10T22:00+02:00,-208.25,
2024-10-10T22:15+02:00,-208.25,
2024-10-10T22:30+02:00,-208.25,
2024-10-10T22:45+02:00,-208.25,
2024-10-10T23:00+02:00,-206.75,
2024-10-10T23:15+02:00,-206.75,
2024-10-10T23:30+02:00,-206.75,
2024-10-10T23:45+02:00,-206.75,
2024-10-11T00:00+02:00,,
2024-10-11T00:15+02:00,,
2024-10-11T00:30+02:00,,
2024-10-11T00:45+02:00,,
2024-10-11T01:00+02:00,,
2024-10-11T01:15+02:00,,
2024-10-11T01:30+02:00,,
2024-10-11T01:45+02:00,,
2024-10-11T02:00+02:00,,
2024-10-11T02:15+02:00,,
2024-10-11T02:30+02:00,,
2024-10-11T02:45+02:00,,
2024-10-11T03:00+02:00,,
2024-10-11T03:15+02:00,,
2024-10-11T03:30+02:00,,
2024-10-11T03:45+02:00,,
2024-10-11T04:00+02:00,,
2024-10-11T04:15+02:00,,
2024-10-11T04:30+02:00,,
2024-10-11T04:45+02:00,,
2024-10-11T05:00+02:00,,
2024-10-11T05:15+02:00,,
2024-10-11T05:30+02:00,,
2024-10-11T05:45+02:00,,
2024-10-11T06:00+02:00,,
2024-10-11T06:15+02:00,,
2024-10-11T06:30+02:00,,
2024-10-11T06:45+02:00,,
2024-10-11T07:00+02:00,,
2024-10-11T07:15+02:00,,
2024-10-11T07:30+02:00,,
2024-10-11T07:45+02:00,,
2024-10-11T08:00+02:00,,
2024-10-11T08:15+02:00,,
2024-10-11T08:30+02:00,,
2024-10-11T08:45+02:00,,
2024-10-11T09:00+02:00,,
2024-10-11T09:15+02:00,,
2024-10-11T09:30+02:00,,
2024-10-11T09:45+02:00,,
2024-10-11T10:00+02:00,,
2024-10-11T10:15+02:00,,
2024-10-11T10:30+02:00,,
2024-10-11T10:45+02:00,,
2024-10-11T11:00+02:00,,
2024-10-11T11:15+02:00,,
2024-10-11T11:30+02:00,,
2024-10-11T11:45+02:00,,
2024-10-11T12:00+02:00,,
2024-10-11T12:15+02:00,,
2024-10-11T12:30+02:00,,
2024-10-11T12:45+02:00,,
2024-10-11T13:00+02:00,,
2024-10-11T13:15+02:00,,
2024-10-11T13:30+02:00,,
2024-10-11T13:45+02:00,,
2024-10-11T14:00+02:00,,
2024-10-11T14:15+02:00,,
2024-10-11T14:30+02:00,,
2024-10-11T14:45+02:00,-12.5,
2024-10-11T15:00+02:00,-12.5,
2024-10-11T15:15+02:00,-12.5,
2024-10-11T15:30+02:00,-87.5,
2024-10-11T15:45+02:00,-87.5,
2024-10-11T16:00+02:00,-87.5,
2024-10-11T16:15+02:00,-75,
2024-10-11T16:30+02:00,-75,
2024-10-11T16:45+02:00,,
2024-10-11T17:00+02:00,,
2024-10-11T17:15+02:00,,
2024-10-11T17:30+02:00,,
2024-10-11T17:45+02:00,,
2024-10-11T18:00+02:00,,
2024-10-11T18:15+02:00,,
2024-10-11T18:30+02:00,,
2024-10-11T18:45+02:00,,
2024-10-11T19:00+02:00,,
2024-10-11T19:15+02:00,,
2024-10-11T19:30+02:00,,
2024-10-11T19:45+02:00,,
2024-10-11T20:00+02:00,,
2024-10-11T20:15+02:00,,
2024-10-11T20:30+02:00,,
2024-10-11T20:45+02:00,,
2024-10-11T21:00+02:00,,
2024-10-11T21:15+02:00,,
2024-10-11T21:30+02:00,,
2024-10-11T21:45+02:00,,
2024-10-11T22:00+02:00,,
2024-10-11T22:15+02:00,,
2024-10-11T22:30+02:00,,
2024-10-11T22:45+02:00,,
2024-10-11T23:00+02:00,,
2024-10-11T23:15+02:00,,
2024-10-11T23:30+02:00,,
2024-10-11T23:45+02:00,,
2024-10-12T00:00+02:00,,
2024-10-12T00:15+02:00,,
2024-10-12T00:30+02:00,,
2024-10-12T00:45+02:00,,
2024-10-12T01:00+02:00,,
2024-10-12T01:15+02:00,,
2024-10-12T01:30+02:00,,
2024-10-12T01:45+02:00,,
2024-10-12T02:00+02:00,,
2024-10-12T02:15+02:00,,
2024-10-12T02:30+02:00,,
2024-10-12T02:45+02:00,,
2024-10-12T03:00+02:00,,
2024-10-12T03:15+02:00,,
2024-10-12T03:30+02:00,,
2024-10-12T03:45+02:00,,
2024-10-12T04:00+02:00,,
2024-10-12T04:15+02:00,,
2024-10-12T04:30+02:00,,
2024-10-12T04:45+02:00,,
2024-10-12T05:00+02:00,,
2024-10-12T05:15+02:00,,
2024-10-12T05:30+02:00,,
2024-10-12T05:45+02:00,,
2024-10-12T06:00+02:00,,
2024-10-12T06:15+02:00,,
2024-10-12T06:30+02:00,,
2024-10-12T06:45+02:00,,
2024-10-12T07:00+02:00,,
2024-10-12T07:15+02:00,,
2024-10-12T07:30+02:00,,
2024-10-12T07:45+02:00,,
2024-10-12T08:00+02:00,-3.75,
2024-10-12T08:15+02:00,-16.25,
2024-10-12T08:30+02:00,-28.75,
2024-10-12T08:45+02:00,-28.75,
2024-10-12T09:00+02:00,-28.75,
2024-10-12T09:15+02:00,-28.75,
2024-10-12T09:30+02:00,-28.75,
2024-10-12T09:45+02:00,-28.75,
2024-10-12T10:00+02:00,-28.75,
2024-10-12T10:15+02:00,-28.75,
2024-10-12T10:30+02:00,-28.75,
2024-10-12T10:45+02:00,-41.25,
2024-10-12T11:00+02:00,-53.75,
2024-10-12T11:15+02:00,-66.25,
2024-10-12T11:30+02:00,-78.75,
2024-10-12T11:45+02:00,-91.25,
2024-10-12T12:00+02:00,-150,
2024-10-12T12:15+02:00,-162.5,
2024-10-12T12:30+02:00,-162.5,
2024-10-12T12:45+02:00,-162.5,
2024-10-12T13:00+02:00,-162.5,
2024-10-12T13:15+02:00,-237.5,
2024-10-12T13:30+02:00,-237.5,
2024-10-12T13:45+02:00,-237.5,
2024-10-12T14:00+02:00,-137.5,
2024-10-12T14:15+02:00,-137.5,
2024-10-12T14:30+02:00,-137.5,
2024-10-12T14:45+02:00,-137.5,
2024-10-12T15:00+02:00,-100,
2024-10-12T15:15+02:00,-87.5,
2024-10-12T15:30+02:00,-75,
2024-10-12T15:45+02:00,-62.5,
2024-10-12T16:00+02:00,-50,
2024-10-12T16:15+02:00,-37.5,
2024-10-12T16:30+02:00,-28.75,
2024-10-12T16:45+02:00,-28.75,
2024-10-12T17:00+02:00,-28.75,
2024-10-12T17:15+02:00,-28.75,
2024-10-12T17:30+02:00,-28.75,
2024-10-12T17:45+02:00,-28.75,
2024-10-12T18:00+02:00,-78.75,
2024-10-12T18:15+02:00,-78.75,
2024-10-12T18:30+02:00,-78.75,
2024-10-12T18:45+02:00,-78.75,
2024-10-12T19:00+02:00,-78.75,
2024-10-12T19:15+02:00,-78.75,
2024-10-12T19:30+02:00,-78.75,
2024-10-12T19:45+02:00,-78.75,
2024-10-12T20:00+02:00,-118.5,
2024-10-12T20:15+02:00,-118.5,
2024-10-12T20:30+02:00,-118.5,
2024-10-12T20:45+02:00,-118.5,
2024-10-12T21:00+02:00,-118.5,
2024-10-12T21:15+02:00,-118.5,
2024-10-12T21:30+02:00,-118.5,
2024-10-12T21:45+02:00,-118.5,
2024-10-12T22:00+02:00,-118.5,
2024-10-12T22:15+02:00,-118.5,
2024-10-12T22:30+02:00,-118.5,
2024-10-12T22:45+02:00,-118.5,
2024-10-12T23:00+02:00,-100.5,
2024-10-12T23:15+02:00,-100.5,
2024-10-12T23:30+02:00,-100.5,
2024-10-12T23:45+02:00,-100.5,
2024-10-13T00:00+02:00,-1,
2024-10-13T00:15+02:00,-1,
2024-10-13T00:30+02:00,-1,
2024-10-13T00:45+02:00,-1,
2024-10-13T01:00+02:00,-1,
2024-10-13T01:15+02:00,-1,
2024-10-13T01:30+02:00,-1,
2024-10-13T01:45+02:00,-1,
2024-10-13T02:00+02:00,-1,
2024-10-13T02:15+02:00,-1,
2024-10-13T02:30+02:00,-1,
2024-10-13T02:45+02:00,-1,
2024-10-13T03:00+02:00,-1,
2024-10-13T03:15+02:00,-1,
2024-10-13T03:30+02:00,-1,
2024-10-13T03:45+02:00,-1,
2024-10-13T04:00+02:00,-1,
2024-10-13T04:15+02:00,-1,
2024-10-13T04:30+02:00,-1,
2024-10-13T04:45+02:00,-1,
2024-10-13T05:00+02:00,-1,
2024-10-13T05:15+02:00,-1,
2024-10-13T05:30+02:00,-8.5,
2024-10-13T05:45+02:00,-8.5,
2024-10-13T06:00+02:00,-8.5,
2024-10-13T06:15+02:00,-8.5,
2024-10-13T06:30+02:00,-8.5,
2024-10-13T06:45+02:00,-8.5,
2024-10-13T07:00+02:00,-29.25,
2024-10-13T07:15+02:00,-29.25,
2024-10-13T07:30+02:00,-29.25,
2024-10-13T07:45+02:00,-29.25,
2024-10-13T08:00+02:00,-33.75,
2024-10-13T08:15+02:00,-33.75,
2024-10-13T08:30+02:00,-33.75,
2024-10-13T08:45+02:00,-33.75,
2024-10-13T09:00+02:00,-83.5,
2024-10-13T09:15+02:00,-83.5,
2024-10-13T09:30+02:00,-83.5,
2024-10-13T09:45+02:00,-108.5,
2024-10-13T10:00+02:00,-302.75,
2024-10-13T10:15+02:00,-306.5,
2024-10-13T10:30+02:00,-331.5,
2024-10-13T10:45+02:00,-327.75,
2024-10-13T11:00+02:00,-355,
2024-10-13T11:15+02:00,-355,
2024-10-13T11:30+02:00,-355,
2024-10-13T11:45+02:00,-355,
2024-10-13T12:00+02:00,-380.75,
2024-10-13T12:15+02:00,-395.75,
2024-10-13T12:30+02:00,-395.75,
2024-10-13T12:45+02:00,-395.75,
2024-10-13T13:00+02:00,-292,
2024-10-13T13:15+02:00,-292,
2024-10-13T13:30+02:00,-292,
2024-10-13T13:45+02:00,-304.5,
2024-10-13T14:00+02:00,-391.75,
2024-10-13T14:15+02:00,-391,
2024-10-13T14:30+02:00,-390.5,
2024-10-13T14:45+02:00,-439.5,
2024-10-13T15:00+02:00,-406,
2024-10-13T15:15+02:00,-407.75,
2024-10-13T15:30+02:00,-409.25,
2024-10-13T15:45+02:00,-410.75,
2024-10-13T16:00+02:00,-353,
2024-10-13T16:15+02:00,-353,
2024-10-13T16:30+02:00,-294.25,
2024-10-13T16:45+02:00,-294.25,
2024-10-13T17:00+02:00,-660.75,
2024-10-13T17:15+02:00,-635.75,
2024-10-13T17:30+02:00,-610.75,
2024-10-13T17:45+02:00,-648,
2024-10-13T18:00+02:00,-838.25,
2024-10-13T18:15+02:00,-838.25,
2024-10-13T18:30+02:00,-925.75,
2024-10-13T18:45+02:00,-950.75,
2024-10-13T19:00+02:00,-1346.5,
2024-10-13T19:15+02:00,-1346.5,
2024-10-13T19:30+02:00,-1409,
2024-10-13T19:45+02:00,-1421.5,
2024-10-13T20:00+02:00,-1329.5,
2024-10-13T20:15+02:00,-1356.25,
2024-10-13T20:30+02:00,-1376,
2024-10-13T20:45+02:00,-1371,
2024-10-13T21:00+02:00,-1364,
2024-10-13T21:15+02:00,-1364,
2024-10-13T21:30+02:00,-1351.5,
2024-10-13T21:45+02:00,-1289,
2024-10-13T22:00+02:00,-962.75,
2024-10-13T22:15+02:00,-965.25,
2024-10-13T22:30+02:00,-965.25,
2024-10-13T22:45+02:00,-965.25,
2024-10-13T23:00+02:00,-852.5,
2024-10-13T23:15+02:00,-852.5,
2024-10-13T23:30+02:00,-852.5,
2024-10-13T23:45+02:00,-852.5,
2024-10-14T00:00+02:00,-453,
2024-10-14T00:15+02:00,-453,
2024-10-14T00:30+02:00,-453,
2024-10-14T00:45+02:00,-453,
2024-10-14T01:00+02:00,-398,
2024-10-14T01:15+02:00,-398,
2024-10-14T01:30+02:00,-398,
2024-10-14T01:45+02:00,-398,
2024-10-14T02:00+02:00,-173.5,
2024-10-14T02:15+02:00,-148.5,
2024-10-14T02:30+02:00,-123.5,
2024-10-14T02:45+02:00,-111,
2024-10-14T03:00+02:00,-94.5,
2024-10-14T03:15+02:00,-94.5,
2024-10-14T03:30+02:00,-94.5,
2024-10-14T03:45+02:00,-132,
2024-10-14T04:00+02:00,-145,
2024-10-14T04:15+02:00,-95,
2024-10-14T04:30+02:00,-45,
2024-10-14T04:45+02:00,-20,
2024-10-14T05:00+02:00,,
2024-10-14T05:15+02:00,,
2024-10-14T05:30+02:00,,
2024-10-14T05:45+02:00,,
2024-10-14T06:00+02:00,,
2024-10-14T06:15+02:00,,
2024-10-14T06:30+02:00,,
2024-10-14T06:45+02:00,,
2024-10-14T07:00+02:00,,
2024-10-14T07:15+02:00,,
2024-10-14T07:30+02:00,,
2024-10-14T07:45+02:00,,
2024-10-14T08:00+02:00,,
2024-10-14T08:15+02:00,,
2024-10-14T08:30+02:00,,
2024-10-14T08:45+02:00,,
2024-10-14T09:00+02:00,,
2024-10-14T09:15+02:00,,
2024-10-14T09:30+02:00,,
2024-10-14T09:45+02:00,,
2024-10-14T10:00+02:00,,
2024-10-14T10:15+02:00,,
2024-10-14T10:30+02:00,,
2024-10-14T10:45+02:00,,
2024-10-14T11:00+02:00,,
2024-10-14T11:15+02:00,,
2024-10-14T11:30+02:00,,
2024-10-14T11:45+02:00,,
2024-10-14T12:00+02:00,,
2024-10-14T12:15+02:00,,
2024-10-14T12:30+02:00,,
2024-10-14T12:45+02:00,,
2024-10-14T13:00+02:00,,
2024-10-14T13:15+02:00,,
2024-10-14T13:30+02:00,,
2024-10-14T13:45+02:00,,
2024-10-14T14:00+02:00,,
2024-10-14T14:15+02:00,,
2024-10-14T14:30+02:00,,
2024-10-14T14:45+02:00,,
2024-10-14T15:00+02:00,,
2024-10-14T15:15+02:00,,
2024-10-14T15:30+02:00,,
2024-10-14T15:45+02:00,,
2024-10-14T16:00+02:00,,
2024-10-14T16:15+02:00,,
2024-10-14T16:30+02:00,,
2024-10-14T16:45+02:00,,
2024-10-14T17:00+02:00,,
2024-10-14T17:15+02:00,,
2024-10-14T17:30+02:00,,
2024-10-14T17:45+02:00,,
2024-10-14T18:00+02:00,,
2024-10-14T18:15+02:00,,
2024-10-14T18:30+02:00,,
2024-10-14T18:45+02:00,,
2024-10-14T19:00+02:00,,
2024-10-14T19:15+02:00,,
2024-10-14T19:30+02:00,,
2024-10-14T19:45+02:00,,
2024-10-14T20:00+02:00,,
2024-10-14T20:15+02:00,,
2024-10-14T20:30+02:00,,
2024-10-14T20:45+02:00,,
2024-10-14T21:00+02:00,,
2024-10-14T21:15+02:00,,
2024-10-14T21:30+02:00,,
2024-10-14T21:45+02:00,,
2024-10-14T22:00+02:00,,
2024-10-14T22:15+02:00,,
2024-10-14T22:30+02:00,,
2024-10-14T22:45+02:00,,
2024-10-14T23:00+02:00,,
2024-10-14T23:15+02:00,,
2024-10-14T23:30+02:00,,
2024-10-14T23:45+02:00,,
2024-10-15T00:00+02:00,,
2024-10-15T00:15+02:00,,
2024-10-15T00:30+02:00,,
2024-10-15T00:45+02:00,,
2024-10-15T01:00+02:00,,
2024-10-15T01:15+02:00,,
2024-10-15T01:30+02:00,,
2024-10-15T01:45+02:00,,
2024-10-15T02:00+02:00,,
2024-10-15T02:15+02:00,,
2024-10-15T02:30+02:00,,
2024-10-15T02:45+02:00,,
2024-10-15T03:00+02:00,,
2024-10-15T03:15+02:00,,
2024-10-15T03:30+02:00,,
2024-10-15T03:45+02:00,,
2024-10-15T04:00+02:00,,
2024-10-15T04:15+02:00,,
2024-10-15T04:30+02:00,,
2024-10-15T04:45+02:00,,
2024-10-15T05:00+02:00,,
2024-10-15T05:15+02:00,,
2024-10-15T05:30+02:00,,
2024-10-15T05:45+02:00,,
2024-10-15T06:00+02:00,,
2024-10-15T06:15+02:00,,
2024-10-15T06:30+02:00,,
2024-10-15T06:45+02:00,,
2024-10-15T07:00+02:00,,
2024-10-15T07:15+02:00,,
2024-10-15T07:30+02:00,,
2024-10-15T07:45+02:00,,
2024-10-15T08:00+02:00,,
2024-10-15T08:15+02:00,,
2024-10-15T08:30+02:00,,
2024-10-15T08:45+02:00,,
2024-10-15T09:00+02:00,,
2024-10-15T09:15+02:00,,
2024-10-15T09:30+02:00,,
2024-10-15T09:45+02:00,,
2024-10-15T10:00+02:00,,
2024-10-15T10:15+02:00,,
2024-10-15T10:30+02:00,,
2024-10-15T10:45+02:00,,
2024-10-15T11:00+02:00,,
2024-10-15T11:15+02:00,,
2024-10-15T11:30+02:00,,
2024-10-15T11:45+02:00,,
2024-10-15T12:00+02:00,,
2024-10-15T12:15+02:00,,
2024-10-15T12:30+02:00,,
2024-10-15T12:45+02:00,,
2024-10-15T13:00+02:00,,
2024-10-15T13:15+02:00,,
2024-10-15T13:30+02:00,,
2024-10-15T13:45+02:00,,
2024-10-15T14:00+02:00,,
2024-10-15T14:15+02:00,,
2024-10-15T14:30+02:00,,
2024-10-15T14:45+02:00,,
2024-10-15T15:00+02:00,,
2024-10-15T15:15+02:00,,
2024-10-15T15:30+02:00,,
2024-10-15T15:45+02:00,,
2024-10-15T16:00+02:00,,
2024-10-15T16:15+02:00,,
2024-10-15T16:30+02:00,,
2024-10-15T16:45+02:00,,
2024-10-15T17:00+02:00,,
2024-10-15T17:15+02:00,,
2024-10-15T17:30+02:00,,
2024-10-15T17:45+02:00,,
2024-10-15T18:00+02:00,,
2024-10-15T18:15+02:00,,
2024-10-15T18:30+02:00,,
2024-10-15T18:45+02:00,,
2024-10-15T19:00+02:00,,
2024-10-15T19:15+02:00,,
2024-10-15T19:30+02:00,,
2024-10-15T19:45+02:00,,
2024-10-15T20:00+02:00,-127.25,
2024-10-15T20:15+02:00,-137.25,
2024-10-15T20:30+02:00,-137.25,
2024-10-15T20:45+02:00,-137.25,
2024-10-15T21:00+02:00,-107.25,
2024-10-15T21:15+02:00,-137.25,
2024-10-15T21:30+02:00,-137.25,
2024-10-15T21:45+02:00,-137.25,
2024-10-15T22:00+02:00,-120.75,
2024-10-15T22:15+02:00,-106,
2024-10-15T22:30+02:00,-90.75,
2024-10-15T22:45+02:00,-90.75,
2024-10-15T23:00+02:00,-256.75,
2024-10-15T23:15+02:00,-239.25,
2024-10-15T23:30+02:00,-212.5,
2024-10-15T23:45+02:00,-221.75,
2024-10-16T00:00+02:00,-329.5,
2024-10-16T00:15+02:00,-329.5,
2024-10-16T00:30+02:00,-329.5,
2024-10-16T00:45+02:00,-329.5,
2024-10-16T01:00+02:00,-254,
2024-10-16T01:15+02:00,-254,
2024-10-16T01:30+02:00,-254,
2024-10-16T01:45+02:00,-254,
2024-10-16T02:00+02:00,-203.75,
2024-10-16T02:15+02:00,-203.75,
2024-10-16T02:30+02:00,-203.75,
2024-10-16T02:45+02:00,-203.75,
2024-10-16T03:00+02:00,-226,
2024-10-16T03:15+02:00,-226,
2024-10-16T03:30+02:00,-226,
2024-10-16T03:45+02:00,-226,
2024-10-16T04:00+02:00,-309,
2024-10-16T04:15+02:00,-309,
2024-10-16T04:30+02:00,-309,
2024-10-16T04:45+02:00,-309,
2024-10-16T05:00+02:00,-313,
2024-10-16T05:15+02:00,-313,
2024-10-16T05:30+02:00,-313,
2024-10-16T05:45+02:00,-313,
2024-10-16T06:00+02:00,-342.25,
2024-10-16T06:15+02:00,-342.25,
2024-10-16T06:30+02:00,-357.25,
2024-10-16T06:45+02:00,-419.75,
2024-10-16T07:00+02:00,-365,
2024-10-16T07:15+02:00,-376,
2024-10-16T07:30+02:00,-376,
2024-10-16T07:45+02:00,-376,
2024-10-16T08:00+02:00,-583.5,
2024-10-16T08:15+02:00,-583.5,
2024-10-16T08:30+02:00,-583.5,
2024-10-16T08:45+02:00,-583.5,
2024-10-16T09:00+02:00,-825,
2024-10-16T09:15+02:00,-825,
2024-10-16T09:30+02:00,-825,
2024-10-16T09:45+02:00,-825,
2024-10-16T10:00+02:00,-715.5,
2024-10-16T10:15+02:00,-679.75,
2024-10-16T10:30+02:00,-804.75,
2024-10-16T10:45+02:00,-867.25,
2024-10-16T11:00+02:00,-1177,
2024-10-16T11:15+02:00,-1209.25,
2024-10-16T11:30+02:00,-1209.25,
2024-10-16T11:45+02:00,-1459.25,
2024-10-16T12:00+02:00,-1319.75,
2024-10-16T12:15+02:00,-1319,
2024-10-16T12:30+02:00,-1318.25,
2024-10-16T12:45+02:00,-1317.25,
2024-10-16T13:00+02:00,-1334.75,
2024-10-16T13:15+02:00,-1333.75,
2024-10-16T13:30+02:00,-1334.32575,
2024-10-16T13:45+02:00,-1334.78325,
2024-10-16T14:00+02:00,-1355.5965,
2024-10-16T14:15+02:00,-1354.16625,
2024-10-16T14:30+02:00,-1352.3315,
2024-10-16T14:45+02:00,-1350.96575,
2024-10-16T15:00+02:00,-1390.25675,
2024-10-16T15:15+02:00,-1397.09475,
2024-10-16T15:30+02:00,-1045.4705,
2024-10-16T15:45+02:00,-1051.567,
2024-10-16T16:00+02:00,-1159.75,
2024-10-16T16:15+02:00,-1159.75,
2024-10-16T16:30+02:00,-1159.75,
2024-10-16T16:45+02:00,-1159.75,
2024-10-16T17:00+02:00,-931.75,
2024-10-16T17:15+02:00,-856.75,
2024-10-16T17:30+02:00,-781.75,
2024-10-16T17:45+02:00,-739.25,
2024-10-16T18:00+02:00,-699.75,
2024-10-16T18:15+02:00,-692.25,
2024-10-16T18:30+02:00,-692.25,
2024-10-16T18:45+02:00,-699.75,
2024-10-16T19:00+02:00,-734.25,
2024-10-16T19:15+02:00,-759.25,
2024-10-16T19:30+02:00,-784.25,
2024-10-16T19:45+02:00,-834.25,
2024-10-16T20:00+02:00,-1008.5,
2024-10-16T20:15+02:00,-1008.5,
2024-10-16T20:30+02:00,-1008.5,
2024-10-16T20:45+02:00,-1013.5,
2024-10-16T21:00+02:00,-985.5,
2024-10-16T21:15+02:00,-985.5,
2024-10-16T21:30+02:00,-985.5,
2024-10-16T21:45+02:00,-985.5,
2024-10-16T22:00+02:00,-965.75,
2024-10-16T22:15+02:00,-965.75,
2024-10-16T22:30+02:00,-965.75,
2024-10-16T22:45+02:00,-965.75,
2024-10-16T23:00+02:00,-895,
2024-10-16T23:15+02:00,-895,
2024-10-16T23:30+02:00,-895,
2024-10-16T23:45+02:00,-895,
2024-10-17T00:00+02:00,-381.75,
2024-10-17T00:15+02:00,-306.75,
2024-10-17T00:30+02:00,-306.75,
2024-10-17T00:45+02:00,-306.75,
2024-10-17T01:00+02:00,-260.5,
2024-10-17T01:15+02:00,-260.5,
2024-10-17T01:30+02:00,-260.5,
2024-10-17T01:45+02:00,-260.5,
2024-10-17T02:00+02:00,-249,
2024-10-17T02:15+02:00,-249,
2024-10-17T02:30+02:00,-249,
2024-10-17T02:45+02:00,-249,
2024-10-17T03:00+02:00,-227.5,
2024-10-17T03:15+02:00,-227.5,
2024-10-17T03:30+02:00,-227.5,
2024-10-17T03:45+02:00,-227.5,
2024-10-17T04:00+02:00,-224.25,
2024-10-17T04:15+02:00,-224.25,
2024-10-17T04:30+02:00,-224.25,
2024-10-17T04:45+02:00,-224.25,
2024-10-17T05:00+02:00,-173.5,
2024-10-17T05:15+02:00,-173.5,
2024-10-17T05:30+02:00,-173.5,
2024-10-17T05:45+02:00,-173.5,
2024-10-17T06:00+02:00,-146.5,
2024-10-17T06:15+02:00,-146.5,
2024-10-17T06:30+02:00,-146.5,
2024-10-17T06:45+02:00,-146.5,
2024-10-17T07:00+02:00,-143,
2024-10-17T07:15+02:00,-143,
2024-10-17T07:30+02:00,-143,
2024-10-17T07:45+02:00,-143,
2024-10-17T08:00+02:00,-112.25,
2024-10-17T08:15+02:00,-112.25,
2024-10-17T08:30+02:00,-112.25,
2024-10-17T08:45+02:00,-112.25,
2024-10-17T09:00+02:00,-38.5,
2024-10-17T09:15+02:00,-38.5,
2024-10-17T09:30+02:00,-38.5,
2024-10-17T09:45+02:00,-38.5,
2024-10-17T10:00+02:00,-52,
2024-10-17T10:15+02:00,-12.5,
2024-10-17T10:30+02:00,-137.5,
2024-10-17T10:45+02:00,-137.5,
2024-10-17T11:00+02:00,-170.25,
2024-10-17T11:15+02:00,-170.25,
2024-10-17T11:30+02:00,-170.25,
2024-10-17T11:45+02:00,-170.25,
2024-10-17T12:00+02:00,-205,
2024-10-17T12:15+02:00,-205,
2024-10-17T12:30+02:00,-205,
2024-10-17T12:45+02:00,-205,
2024-10-17T13:00+02:00,-238,
2024-10-17T13:15+02:00,-233,
2024-10-17T13:30+02:00,-237.25,
2024-10-17T13:45+02:00,-218.75,
2024-10-17T14:00+02:00,-255.25,
2024-10-17T14:15+02:00,-170.75,
2024-10-17T14:30+02:00,-170.75,
2024-10-17T14:45+02:00,-170.75,
2024-10-17T15:00+02:00,-148.5,
2024-10-17T15:15+02:00,-148.5,
2024-10-17T15:30+02:00,-23.5,
2024-10-17T15:45+02:00,-23.5,
2024-10-17T16:00+02:00,-12.5,
2024-10-17T16:15+02:00,-12.5,
2024-10-17T16:30+02:00,-12.5,
2024-10-17T16:45+02:00,-12.5,
2024-10-17T17:00+02:00,-12.5,
2024-10-17T17:15+02:00,-12.5,
2024-10-17T17:30+02:00,-12.5,
2024-10-17T17:45+02:00,-12.5,
2024-10-17T18:00+02:00,-12.5,
2024-10-17T18:15+02:00,-12.5,
2024-10-17T18:30+02:00,-12.5,
2024-10-17T18:45+02:00,-12.5,
2024-10-17T19:00+02:00,-12.5,
2024-10-17T19:15+02:00,-12.5,
2024-10-17T19:30+02:00,-12.5,
2024-10-17T19:45+02:00,-12.5,
2024-10-17T20:00+02:00,-12.5,
2024-10-17T20:15+02:00,-12.5,
2024-10-17T20:30+02:00,-12.5,
2024-10-17T20:45+02:00,-12.5,
2024-10-17T21:00+02:00,-42.25,
2024-10-17T21:15+02:00,-42.25,
2024-10-17T21:30+02:00,-42.25,
2024-10-17T21:45+02:00,-42.25,
2024-10-17T22:00+02:00,-12.5,
2024-10-17T22:15+02:00,-12.5,
2024-10-17T22:30+02:00,-12.5,
2024-10-17T22:45+02:00,-12.5,
2024-10-17T23:00+02:00,-12.5,
2024-10-17T23:15+02:00,-12.5,
2024-10-17T23:30+02:00,-12.5,
2024-10-17T23:45+02:00,-12.5,
2024-10-18T00:00+02:00,,
2024-10-18T00:15+02:00,,
2024-10-18T00:30+02:00,,
2024-10-18T00:45+02:00,,
2024-10-18T01:00+02:00,,
2024-10-18T01:15+02:00,,
2024-10-18T01:30+02:00,,
2024-10-18T01:45+02:00,,
2024-10-18T02:00+02:00,,
2024-10-18T02:15+02:00,,
2024-10-18T02:30+02:00,,
2024-10-18T02:45+02:00,,
2024-10-18T03:00+02:00,,
2024-10-18T03:15+02:00,,
2024-10-18T03:30+02:00,,
2024-10-18T03:45+02:00,,
2024-10-18T04:00+02:00,,
2024-10-18T04:15+02:00,,
2024-10-18T04:30+02:00,,
2024-10-18T04:45+02:00,,
2024-10-18T05:00+02:00,,
2024-10-18T05:15+02:00,,
2024-10-18T05:30+02:00,,
2024-10-18T05:45+02:00,,
2024-10-18T06:00+02:00,,
2024-10-18T06:15+02:00,,
2024-10-18T06:30+02:00,,
2024-10-18T06:45+02:00,,
2024-10-18T07:00+02:00,,
2024-10-18T07:15+02:00,,
2024-10-18T07:30+02:00,,
2024-10-18T07:45+02:00,,
2024-10-18T08:00+02:00,,
2024-10-18T08:15+02:00,,
2024-10-18T08:30+02:00,,
2024-10-18T08:45+02:00,,
2024-10-18T09:00+02:00,,
2024-10-18T09:15+02:00,,
2024-10-18T09:30+02:00,,
2024-10-18T09:45+02:00,,
2024-10-18T10:00+02:00,,
2024-10-18T10:15+02:00,,
2024-10-18T10:30+02:00,,
2024-10-18T10:45+02:00,,
2024-10-18T11:00+02:00,,
2024-10-18T11:15+02:00,,
2024-10-18T11:30+02:00,,
2024-10-18T11:45+02:00,,
2024-10-18T12:00+02:00,,
2024-10-18T12:15+02:00,,
2024-10-18T12:30+02:00,,
2024-10-18T12:45+02:00,,
2024-10-18T13:00+02:00,,
2024-10-18T13:15+02:00,,
2024-10-18T13:30+02:00,,
2024-10-18T13:45+02:00,,
2024-10-18T14:00+02:00,,
2024-10-18T14:15+02:00,,
2024-10-18T14:30+02:00,,
2024-10-18T14:45+02:00,,
2024-10-18T15:00+02:00,,
2024-10-18T15:15+02:00,,
2024-10-18T15:30+02:00,,
2024-10-18T15:45+02:00,,
2024-10-18T16:00+02:00,,
2024-10-18T16:15+02:00,,
2024-10-18T16:30+02:00,,
2024-10-18T16:45+02:00,,
2024-10-18T17:00+02:00,,
2024-10-18T17:15+02:00,,
2024-10-18T17:30+02:00,,
2024-10-18T17:45+02:00,,
2024-10-18T18:00+02:00,,
2024-10-18T18:15+02:00,,
2024-10-18T18:30+02:00,,
2024-10-18T18:45+02:00,,
2024-10-18T19:00+02:00,,
2024-10-18T19:15+02:00,,
2024-10-18T19:30+02:00,,
2024-10-18T19:45+02:00,,
2024-10-18T20:00+02:00,,
2024-10-18T20:15+02:00,,
2024-10-18T20:30+02:00,,
2024-10-18T20:45+02:00,,
2024-10-18T21:00+02:00,,
2024-10-18T21:15+02:00,,
2024-10-18T21:30+02:00,,
2024-10-18T21:45+02:00,,
2024-10-18T22:00+02:00,,
2024-10-18T22:15+02:00,,
2024-10-18T22:30+02:00,,
2024-10-18T22:45+02:00,,
2024-10-18T23:00+02:00,,
2024-10-18T23:15+02:00,,
2024-10-18T23:30+02:00,,
2024-10-18T23:45+02:00,,
2024-10-19T00:00+02:00,,
2024-10-19T00:15+02:00,,
2024-10-19T00:30+02:00,,
2024-10-19T00:45+02:00,,
2024-10-19T01:00+02:00,,
2024-10-19T01:15+02:00,,
2024-10-19T01:30+02:00,,
2024-10-19T01:45+02:00,,
2024-10-19T02:00+02:00,,
2024-10-19T02:15+02:00,,
2024-10-19T02:30+02:00,,
2024-10-19T02:45+02:00,,
2024-10-19T03:00+02:00,,
2024-10-19T03:15+02:00,,
2024-10-19T03:30+02:00,,
2024-10-19T03:45+02:00,,
2024-10-19T04:00+02:00,,
2024-10-19T04:15+02:00,,
2024-10-19T04:30+02:00,,
2024-10-19T04:45+02:00,,
2024-10-19T05:00+02:00,,
2024-10-19T05:15+02:00,,
2024-10-19T05:30+02:00,,
2024-10-19T05:45+02:00,,
2024-10-19T06:00+02:00,,
2024-10-19T06:15+02:00,,
2024-10-19T06:30+02:00,,
2024-10-19T06:45+02:00,,
2024-10-19T07:00+02:00,,
2024-10-19T07:15+02:00,,
2024-10-19T07:30+02:00,,
2024-10-19T07:45+02:00,,
2024-10-19T08:00+02:00,,
2024-10-19T08:15+02:00,,
2024-10-19T08:30+02:00,,
2024-10-19T08:45+02:00,,
2024-10-19T09:00+02:00,,
2024-10-19T09:15+02:00,,
2024-10-19T09:30+02:00,,
2024-10-19T09:45+02:00,,
2024-10-19T10:00+02:00,,
2024-10-19T10:15+02:00,,
2024-10-19T10:30+02:00,,
2024-10-19T10:45+02:00,,
2024-10-19T11:00+02:00,,
2024-10-19T11:15+02:00,,
2024-10-19T11:30+02:00,,
2024-10-19T11:45+02:00,,
2024-10-19T12:00+02:00,,
2024-10-19T12:15+02:00,,
2024-10-19T12:30+02:00,,
2024-10-19T12:45+02:00,,
2024-10-19T13:00+02:00,,
2024-10-19T13:15+02:00,,
2024-10-19T13:30+02:00,,
2024-10-19T13:45+02:00,,
2024-10-19T14:00+02:00,,
2024-10-19T14:15+02:00,,
2024-10-19T14:30+02:00,,
2024-10-19T14:45+02:00,,
2024-10-19T15:00+02:00,,
2024-10-19T15:15+02:00,,
2024-10-19T15:30+02:00,,
2024-10-19T15:45+02:00,,
2024-10-19T16:00+02:00,,
2024-10-19T16:15+02:00,,
2024-10-19T16:30+02:00,,
2024-10-19T16:45+02:00,,
2024-10-19T17:00+02:00,,
2024-10-19T17:15+02:00,,
2024-10-19T17:30+02:00,,
2024-10-19T17:45+02:00,,
2024-10-19T18:00+02:00,,
2024-10-19T18:15+02:00,,
2024-10-19T18:30+02:00,,
2024-10-19T18:45+02:00,,
2024-10-19T19:00+02:00,,
2024-10-19T19:15+02:00,,
2024-10-19T19:30+02:00,,
2024-10-19T19:45+02:00,,
2024-10-19T20:00+02:00,,
2024-10-19T20:15+02:00,,
2024-10-19T20:30+02:00,,
2024-10-19T20:45+02:00,,
2024-10-19T21:00+02:00,,
2024-10-19T21:15+02:00,,
2024-10-19T21:30+02:00,,
2024-10-19T21:45+02:00,,
2024-10-19T22:00+02:00,,
2024-10-19T22:15+02:00,,
2024-10-19T22:30+02:00,,
2024-10-19T22:45+02:00,,
2024-10-19T23:00+02:00,,
2024-10-19T23:15+02:00,,
2024-10-19T23:30+02:00,,
2024-10-19T23:45+02:00,,
2024-10-20T00:00+02:00,-211.25,
2024-10-20T00:15+02:00,-252.75,
2024-10-20T00:30+02:00,-252.75,
2024-10-20T00:45+02:00,-252.75,
2024-10-20T01:00+02:00,-220,
2024-10-20T01:15+02:00,-180,
2024-10-20T01:30+02:00,-180,
2024-10-20T01:45+02:00,-180,
2024-10-20T02:00+02:00,-130,
2024-10-20T02:15+02:00,-130,
2024-10-20T02:30+02:00,-130,
2024-10-20T02:45+02:00,-130,
2024-10-20T03:00+02:00,-129.75,
2024-10-20T03:15+02:00,-129.75,
2024-10-20T03:30+02:00,-129.75,
2024-10-20T03:45+02:00,-129.75,
2024-10-20T04:00+02:00,-121.25,
2024-10-20T04:15+02:00,-121.25,
2024-10-20T04:30+02:00,-121.25,
2024-10-20T04:45+02:00,-121.25,
2024-10-20T05:00+02:00,-68,
2024-10-20T05:15+02:00,-68,
2024-10-20T05:30+02:00,-68,
2024-10-20T05:45+02:00,-68,
2024-10-20T06:00+02:00,-36,
2024-10-20T06:15+02:00,-36,
2024-10-20T06:30+02:00,-36,
2024-10-20T06:45+02:00,-36,
2024-10-20T07:00+02:00,-11,
2024-10-20T07:15+02:00,-11,
2024-10-20T07:30+02:00,-11,
2024-10-20T07:45+02:00,-11,
2024-10-20T08:00+02:00,,
2024-10-20T08:15+02:00,,
2024-10-20T08:30+02:00,,
2024-10-20T08:45+02:00,,
2024-10-20T09:00+02:00,,
2024-10-20T09:15+02:00,,
2024-10-20T09:30+02:00,,
2024-10-20T09:45+02:00,,
2024-10-20T10:00+02:00,-50,
2024-10-20T10:15+02:00,-50,
2024-10-20T10:30+02:00,-50,
2024-10-20T10:45+02:00,-50,
2024-10-20T11:00+02:00,-150,
2024-10-20T11:15+02:00,-150,
2024-10-20T11:30+02:00,-150,
2024-10-20T11:45+02:00,-150,
2024-10-20T12:00+02:00,-204.25,
2024-10-20T12:15+02:00,-204.25,
2024-10-20T12:30+02:00,-204.25,
2024-10-20T12:45+02:00,-204.25,
2024-10-20T13:00+02:00,-130.25,
2024-10-20T13:15+02:00,-130.25,
2024-10-20T13:30+02:00,-130.25,
2024-10-20T13:45+02:00,-130.25,
2024-10-20T14:00+02:00,-179.25,
2024-10-20T14:15+02:00,-198.75,
2024-10-20T14:30+02:00,-207.25,
2024-10-20T14:45+02:00,-226.75,
2024-10-20T15:00+02:00,-242.25,
2024-10-20T15:15+02:00,-276.75,
2024-10-20T15:30+02:00,-349.25,
2024-10-20T15:45+02:00,-396.25,
2024-10-20T16:00+02:00,-481,
2024-10-20T16:15+02:00,-566.25,
2024-10-20T16:30+02:00,-644.5,
2024-10-20T16:45+02:00,-649.5,
2024-10-20T17:00+02:00,-682.25,
2024-10-20T17:15+02:00,-682.25,
2024-10-20T17:30+02:00,-687.25,
2024-10-20T17:45+02:00,-692.25,
2024-10-20T18:00+02:00,-613.75,
2024-10-20T18:15+02:00,-613.75,
2024-10-20T18:30+02:00,-628.25,
2024-10-20T18:45+02:00,-650.75,
2024-10-20T19:00+02:00,-638.75,
2024-10-20T19:15+02:00,-638.75,
2024-10-20T19:30+02:00,-638.75,
2024-10-20T19:45+02:00,-638.75,
2024-10-20T20:00+02:00,-672,
2024-10-20T20:15+02:00,-672,
2024-10-20T20:30+02:00,-672,
2024-10-20T20:45+02:00,-672,
2024-10-20T21:00+02:00,-454.75,
2024-10-20T21:15+02:00,-433,
2024-10-20T21:30+02:00,-433,
2024-10-20T21:45+02:00,-433,
2024-10-20T22:00+02:00,-579.5,
2024-10-20T22:15+02:00,-579.5,
2024-10-20T22:30+02:00,-579.5,
2024-10-20T22:45+02:00,-541.75,
2024-10-20T23:00+02:00,-648.5,
2024-10-20T23:15+02:00,-648.5,
2024-10-20T23:30+02:00,-666,
2024-10-20T23:45+02:00,-666,
2024-10-21T00:00+02:00,-12.5,
2024-10-21T00:15+02:00,-12.5,
2024-10-21T00:30+02:00,-12.5,
2024-10-21T00:45+02:00,-12.5,
2024-10-21T01:00+02:00,-12.5,
2024-10-21T01:15+02:00,-12.5,
2024-10-21T01:30+02:00,-20,
2024-10-21T01:45+02:00,-20,
2024-10-21T02:00+02:00,-20,
2024-10-21T02:15+02:00,-20,
2024-10-21T02:30+02:00,-20,
2024-10-21T02:45+02:00,-20,
2024-10-21T03:00+02:00,-20,
2024-10-21T03:15+02:00,-20,
2024-10-21T03:30+02:00,-20,
2024-10-21T03:45+02:00,-20,
2024-10-21T04:00+02:00,-20,
2024-10-21T04:15+02:00,-20,
2024-10-21T04:30+02:00,-20,
2024-10-21T04:45+02:00,-20,
2024-10-21T05:00+02:00,-20,
2024-10-21T05:15+02:00,-20,
2024-10-21T05:30+02:00,-20,
2024-10-21T05:45+02:00,-20,
2024-10-21T06:00+02:00,-222.5,
2024-10-21T06:15+02:00,-343,
2024-10-21T06:30+02:00,-390.25,
2024-10-21T06:45+02:00,-387.5,
2024-10-21T07:00+02:00,-294,
2024-10-21T07:15+02:00,-298,
2024-10-21T07:30+02:00,-293.25,
2024-10-21T07:45+02:00,-292.75,
2024-10-21T08:00+02:00,-419,
2024-10-21T08:15+02:00,-443.5,
2024-10-21T08:30+02:00,-440,
2024-10-21T08:45+02:00,-438,
2024-10-21T09:00+02:00,-167,
2024-10-21T09:15+02:00,-154.5,
2024-10-21T09:30+02:00,-174.5,
2024-10-21T09:45+02:00,-193.25,
2024-10-21T10:00+02:00,-216.75,
2024-10-21T10:15+02:00,-216.75,
2024-10-21T10:30+02:00,-216.75,
2024-10-21T10:45+02:00,-300,
2024-10-21T11:00+02:00,-368,
2024-10-21T11:15+02:00,-364,
2024-10-21T11:30+02:00,-361.5,
2024-10-21T11:45+02:00,-361.5,
2024-10-21T12:00+02:00,-356,
2024-10-21T12:15+02:00,-351,
2024-10-21T12:30+02:00,-346,
2024-10-21T12:45+02:00,-343.5,
2024-10-21T13:00+02:00,-339.25,
2024-10-21T13:15+02:00,-331.75,
2024-10-21T13:30+02:00,-324.25,
2024-10-21T13:45+02:00,-316.75,
2024-10-21T14:00+02:00,-297.5,
2024-10-21T14:15+02:00,-292.5,
2024-10-21T14:30+02:00,-287.5,
2024-10-21T14:45+02:00,-280,
2024-10-21T15:00+02:00,-295,
2024-10-21T15:15+02:00,-290,
2024-10-21T15:30+02:00,-280,
2024-10-21T15:45+02:00,-272.5,
2024-10-21T16:00+02:00,-133.643,
2024-10-21T16:15+02:00,-133.75,
2024-10-21T16:30+02:00,-129,
2024-10-21T16:45+02:00,-110.75,
2024-10-21T17:00+02:00,-100,
2024-10-21T17:15+02:00,-99.90275,
2024-10-21T17:30+02:00,-99.76525,
2024-10-21T17:45+02:00,-99.82625,
2024-10-21T18:00+02:00,-12.5,
2024-10-21T18:15+02:00,-12.5,
2024-10-21T18:30+02:00,-12.5,
2024-10-21T18:45+02:00,-12.5,
2024-10-21T19:00+02:00,-12.5,
2024-10-21T19:15+02:00,-12.5,
2024-10-21T19:30+02:00,-12.5,
2024-10-21T19:45+02:00,-12.5,
2024-10-21T20:00+02:00,-12.5,
2024-10-21T20:15+02:00,-12.5,
2024-10-21T20:30+02:00,-12.5,
2024-10-21T20:45+02:00,-12.5,
2024-10-21T21:00+02:00,-12.5,
2024-10-21T21:15+02:00,-12.5,
2024-10-21T21:30+02:00,-12.5,
2024-10-21T21:45+02:00,-12.5,
2024-10-21T22:00+02:00,-12.5,
2024-10-21T22:15+02:00,-12.5,
2024-10-21T22:30+02:00,-12.5,
2024-10-21T22:45+02:00,-12.5,
2024-10-21T23:00+02:00,-12.5,
2024-10-21T23:15+02:00,-12.5,
2024-10-21T23:30+02:00,-12.5,
2024-10-21T23:45+02:00,-12.5,
2024-10-22T00:00+02:00,,
2024-10-22T00:15+02:00,,
2024-10-22T00:30+02:00,,
2024-10-22T00:45+02:00,,
2024-10-22T01:00+02:00,,
2024-10-22T01:15+02:00,,
2024-10-22T01:30+02:00,,
2024-10-22T01:45+02:00,,
2024-10-22T02:00+02:00,,
2024-10-22T02:15+02:00,,
2024-10-22T02:30+02:00,,
2024-10-22T02:45+02:00,,
2024-10-22T03:00+02:00,,
2024-10-22T03:15+02:00,,
2024-10-22T03:30+02:00,,
2024-10-22T03:45+02:00,,
2024-10-22T04:00+02:00,,
2024-10-22T04:15+02:00,,
2024-10-22T04:30+02:00,,
2024-10-22T04:45+02:00,,
2024-10-22T05:00+02:00,,
2024-10-22T05:15+02:00,,
2024-10-22T05:30+02:00,,
2024-10-22T05:45+02:00,,
2024-10-22T06:00+02:00,-12.5,
2024-10-22T06:15+02:00,-25,
2024-10-22T06:30+02:00,-25,
2024-10-22T06:45+02:00,-37.5,
2024-10-22T07:00+02:00,-50,
2024-10-22T07:15+02:00,-50,
2024-10-22T07:30+02:00,-50,
2024-10-22T07:45+02:00,-50,
2024-10-22T08:00+02:00,-87.5,
2024-10-22T08:15+02:00,-75,
2024-10-22T08:30+02:00,-75,
2024-10-22T08:45+02:00,-62.5,
2024-10-22T09:00+02:00,-50,
2024-10-22T09:15+02:00,-50,
2024-10-22T09:30+02:00,-50,
2024-10-22T09:45+02:00,-50,
2024-10-22T10:00+02:00,-96.5,
2024-10-22T10:15+02:00,-101.5,
2024-10-22T10:30+02:00,-106.5,
2024-10-22T10:45+02:00,-114,
2024-10-22T11:00+02:00,-221.75,
2024-10-22T11:15+02:00,-221.75,
2024-10-22T11:30+02:00,-221.75,
2024-10-22T11:45+02:00,-365,
2024-10-22T12:00+02:00,-437.75,
2024-10-22T12:15+02:00,-447.25,
2024-10-22T12:30+02:00,-498.82675,
2024-10-22T12:45+02:00,-528.5,
2024-10-22T13:00+02:00,-558,
2024-10-22T13:15+02:00,-575.5,
2024-10-22T13:30+02:00,-630.5,
2024-10-22T13:45+02:00,-650.5,
2024-10-22T14:00+02:00,-682.1065,
2024-10-22T14:15+02:00,-694.57075,
2024-10-22T14:30+02:00,-695.4825,
2024-10-22T14:45+02:00,-704.302,
2024-10-22T15:00+02:00,-571.75,
2024-10-22T15:15+02:00,-571,
2024-10-22T15:30+02:00,-561.5,
2024-10-22T15:45+02:00,-571.5,
2024-10-22T16:00+02:00,-518,
2024-10-22T16:15+02:00,-532.25,
2024-10-22T16:30+02:00,-541.75,
2024-10-22T16:45+02:00,-542.25,
2024-10-22T17:00+02:00,-479.75,
2024-10-22T17:15+02:00,-454.75,
2024-10-22T17:30+02:00,-431.75,
2024-10-22T17:45+02:00,-487.25,
2024-10-22T18:00+02:00,-342.5,
2024-10-22T18:15+02:00,-367.75,
2024-10-22T18:30+02:00,-367.75,
2024-10-22T18:45+02:00,-367.75,
2024-10-22T19:00+02:00,-287.5,
2024-10-22T19:15+02:00,-200,
2024-10-22T19:30+02:00,-150,
2024-10-22T19:45+02:00,-150,
2024-10-22T20:00+02:00,-122.5,
2024-10-22T20:15+02:00,-122.5,
2024-10-22T20:30+02:00,-122.5,
2024-10-22T20:45+02:00,-122.5,
2024-10-22T21:00+02:00,-99.25,
2024-10-22T21:15+02:00,-86.75,
2024-10-22T21:30+02:00,-86.75,
2024-10-22T21:45+02:00,-86.75,
2024-10-22T22:00+02:00,-43.5,
2024-10-22T22:15+02:00,-14,
2024-10-22T22:30+02:00,-4.25,
2024-10-22T22:45+02:00,-4.25,
2024-10-22T23:00+02:00,,
2024-10-22T23:15+02:00,,
2024-10-22T23:30+02:00,,
2024-10-22T23:45+02:00,,
2024-10-23T00:00+02:00,,
2024-10-23T00:15+02:00,,
2024-10-23T00:30+02:00,,
2024-10-23T00:45+02:00,,
2024-10-23T01:00+02:00,,
2024-10-23T01:15+02:00,,
2024-10-23T01:30+02:00,,
2024-10-23T01:45+02:00,,
2024-10-23T02:00+02:00,,
2024-10-23T02:15+02:00,,
2024-10-23T02:30+02:00,,
2024-10-23T02:45+02:00,,
2024-10-23T03:00+02:00,,
2024-10-23T03:15+02:00,,
2024-10-23T03:30+02:00,,
2024-10-23T03:45+02:00,,
2024-10-23T04:00+02:00,,
2024-10-23T04:15+02:00,,
2024-10-23T04:30+02:00,,
2024-10-23T04:45+02:00,,
2024-10-23T05:00+02:00,,
2024-10-23T05:15+02:00,,
2024-10-23T05:30+02:00,,
2024-10-23T05:45+02:00,,
2024-10-23T06:00+02:00,,
2024-10-23T06:15+02:00,,
2024-10-23T06:30+02:00,,
2024-10-23T06:45+02:00,,
2024-10-23T07:00+02:00,,
2024-10-23T07:15+02:00,,
2024-10-23T07:30+02:00,,
2024-10-23T07:45+02:00,,
2024-10-23T08:00+02:00,,
2024-10-23T08:15+02:00,,
2024-10-23T08:30+02:00,,
2024-10-23T08:45+02:00,,
2024-10-23T09:00+02:00,,
2024-10-23T09:15+02:00,,
2024-10-23T09:30+02:00,,
2024-10-23T09:45+02:00,,
2024-10-23T10:00+02:00,,
2024-10-23T10:15+02:00,,
2024-10-23T10:30+02:00,,
2024-10-23T10:45+02:00,,
2024-10-23T11:00+02:00,,
2024-10-23T11:15+02:00,,
2024-10-23T11:30+02:00,,
2024-10-23T11:45+02:00,,
2024-10-23T12:00+02:00,,
2024-10-23T12:15+02:00,,
2024-10-23T12:30+02:00,,
2024-10-23T12:45+02:00,,
2024-10-23T13:00+02:00,,
2024-10-23T13:15+02:00,,
2024-10-23T13:30+02:00,,
2024-10-23T13:45+02:00,,
2024-10-23T14:00+02:00,,
2024-10-23T14:15+02:00,,
2024-10-23T14:30+02:00,,
2024-10-23T14:45+02:00,,
2024-10-23T15:00+02:00,,
2024-10-23T15:15+02:00,,
2024-10-23T15:30+02:00,,
2024-10-23T15:45+02:00,,
2024-10-23T16:00+02:00,,
2024-10-23T16:15+02:00,,
2024-10-23T16:30+02:00,,
2024-10-23T16:45+02:00,,
2024-10-23T17:00+02:00,,
2024-10-23T17:15+02:00,,
2024-10-23T17:30+02:00,,
2024-10-23T17:45+02:00,,
2024-10-23T18:00+02:00,,
2024-10-23T18:15+02:00,,
2024-10-23T18:30+02:00,,
2024-10-23T18:45+02:00,,
2024-10-23T19:00+02:00,,
2024-10-23T19:15+02:00,,
2024-10-23T19:30+02:00,,
2024-10-23T19:45+02:00,,
2024-10-23T20:00+02:00,,
2024-10-23T20:15+02:00,,
2024-10-23T20:30+02:00,,
2024-10-23T20:45+02:00,,
2024-10-23T21:00+02:00,,
2024-10-23T21:15+02:00,,
2024-10-23T21:30+02:00,,
2024-10-23T21:45+02:00,,
2024-10-23T22:00+02:00,,
2024-10-23T22:15+02:00,,
2024-10-23T22:30+02:00,,
2024-10-23T22:45+02:00,,
2024-10-23T23:00+02:00,,
2024-10-23T23:15+02:00,,
2024-10-23T23:30+02:00,,
2024-10-23T23:45+02:00,,
2024-10-24T00:00+02:00,,
2024-10-24T00:15+02:00,,
2024-10-24T00:30+02:00,,
2024-10-24T00:45+02:00,,
2024-10-24T01:00+02:00,,
2024-10-24T01:15+02:00,,
2024-10-24T01:30+02:00,,
2024-10-24T01:45+02:00,,
2024-10-24T02:00+02:00,,
2024-10-24T02:15+02:00,,
2024-10-24T02:30+02:00,,
2024-10-24T02:45+02:00,,
2024-10-24T03:00+02:00,,
2024-10-24T03:15+02:00,,
2024-10-24T03:30+02:00,,
2024-10-24T03:45+02:00,,
2024-10-24T04:00+02:00,,
2024-10-24T04:15+02:00,,
2024-10-24T04:30+02:00,,
2024-10-24T04:45+02:00,,
2024-10-24T05:00+02:00,,
2024-10-24T05:15+02:00,,
2024-10-24T05:30+02:00,,
2024-10-24T05:45+02:00,,
2024-10-24T06:00+02:00,,
2024-10-24T06:15+02:00,,
2024-10-24T06:30+02:00,,
2024-10-24T06:45+02:00,,
2024-10-24T07:00+02:00,,
2024-10-24T07:15+02:00,,
2024-10-24T07:30+02:00,,
2024-10-24T07:45+02:00,,
2024-10-24T08:00+02:00,,
2024-10-24T08:15+02:00,,
2024-10-24T08:30+02:00,,
2024-10-24T08:45+02:00,,
2024-10-24T09:00+02:00,,
2024-10-24T09:15+02:00,,
2024-10-24T09:30+02:00,,
2024-10-24T09:45+02:00,,
2024-10-24T10:00+02:00,,
2024-10-24T10:15+02:00,,
2024-10-24T10:30+02:00,,
2024-10-24T10:45+02:00,,
2024-10-24T11:00+02:00,,
2024-10-24T11:15+02:00,,
2024-10-24T11:30+02:00,,
2024-10-24T11:45+02:00,,
2024-10-24T12:00+02:00,,
2024-10-24T12:15+02:00,,
2024-10-24T12:30+02:00,,
2024-10-24T12:45+02:00,,
2024-10-24T13:00+02:00,,
2024-10-24T13:15+02:00,,
2024-10-24T13:30+02:00,,
2024-10-24T13:45+02:00,,
2024-10-24T14:00+02:00,,
2024-10-24T14:15+02:00,,
2024-10-24T14:30+02:00,,
2024-10-24T14:45+02:00,,
2024-10-24T15:00+02:00,,
2024-10-24T15:15+02:00,,
2024-10-24T15:30+02:00,,
2024-10-24T15:45+02:00,,
2024-10-24T16:00+02:00,,
2024-10-24T16:15+02:00,,
2024-10-24T16:30+02:00,-15,
2024-10-24T16:45+02:00,-40,
2024-10-24T17:00+02:00,-73,
2024-10-24T17:15+02:00,-73,
2024-10-24T17:30+02:00,-73,
2024-10-24T17:45+02:00,-73,
2024-10-24T18:00+02:00,,
2024-10-24T18:15+02:00,,
2024-10-24T18:30+02:00,,
2024-10-24T18:45+02:00,,
2024-10-24T19:00+02:00,-50,
2024-10-24T19:15+02:00,-50,
2024-10-24T19:30+02:00,-50,
2024-10-24T19:45+02:00,-50,
2024-10-24T20:00+02:00,,
2024-10-24T20:15+02:00,,
2024-10-24T20:30+02:00,,
2024-10-24T20:45+02:00,,
2024-10-24T21:00+02:00,,
2024-10-24T21:15+02:00,,
2024-10-24T21:30+02:00,,
2024-10-24T21:45+02:00,,
2024-10-24T22:00+02:00,-75,
2024-10-24T22:15+02:00,-75,
2024-10-24T22:30+02:00,-75,
2024-10-24T22:45+02:00,,
2024-10-24T23:00+02:00,,
2024-10-24T23:15+02:00,,
2024-10-24T23:30+02:00,,
2024-10-24T23:45+02:00,,
2024-10-25T00:00+02:00,,
2024-10-25T00:15+02:00,,
2024-10-25T00:30+02:00,,
2024-10-25T00:45+02:00,,
2024-10-25T01:00+02:00,,
2024-10-25T01:15+02:00,,
2024-10-25T01:30+02:00,,
2024-10-25T01:45+02:00,,
2024-10-25T02:00+02:00,,
2024-10-25T02:15+02:00,,
2024-10-25T02:30+02:00,,
2024-10-25T02:45+02:00,,
2024-10-25T03:00+02:00,,
2024-10-25T03:15+02:00,,
2024-10-25T03:30+02:00,,
2024-10-25T03:45+02:00,,
2024-10-25T04:00+02:00,,
2024-10-25T04:15+02:00,,
2024-10-25T04:30+02:00,,
2024-10-25T04:45+02:00,,
2024-10-25T05:00+02:00,,
2024-10-25T05:15+02:00,,
2024-10-25T05:30+02:00,,
2024-10-25T05:45+02:00,,
2024-10-25T06:00+02:00,,
2024-10-25T06:15+02:00,,
2024-10-25T06:30+02:00,,
2024-10-25T06:45+02:00,,
2024-10-25T07:00+02:00,,
2024-10-25T07:15+02:00,,
2024-10-25T07:30+02:00,,
2024-10-25T07:45+02:00,,
2024-10-25T08:00+02:00,,
2024-10-25T08:15+02:00,,
2024-10-25T08:30+02:00,,
2024-10-25T08:45+02:00,,
2024-10-25T09:00+02:00,,
2024-10-25T09:15+02:00,,
2024-10-25T09:30+02:00,,
2024-10-25T09:45+02:00,,
2024-10-25T10:00+02:00,,
2024-10-25T10:15+02:00,,
2024-10-25T10:30+02:00,,
2024-10-25T10:45+02:00,,
2024-10-25T11:00+02:00,,
2024-10-25T11:15+02:00,,
2024-10-25T11:30+02:00,,
2024-10-25T11:45+02:00,,
2024-10-25T12:00+02:00,,
2024-10-25T12:15+02:00,,
2024-10-25T12:30+02:00,-0.01875,
2024-10-25T12:45+02:00,-0.0185,
2024-10-25T13:00+02:00,,
2024-10-25T13:15+02:00,,
2024-10-25T13:30+02:00,,
2024-10-25T13:45+02:00,,
2024-10-25T14:00+02:00,,
2024-10-25T14:15+02:00,,
2024-10-25T14:30+02:00,,
2024-10-25T14:45+02:00,,
2024-10-25T15:00+02:00,,
2024-10-25T15:15+02:00,,
2024-10-25T15:30+02:00,,
2024-10-25T15:45+02:00,,
2024-10-25T16:00+02:00,,
2024-10-25T16:15+02:00,,
2024-10-25T16:30+02:00,,
2024-10-25T16:45+02:00,,
2024-10-25T17:00+02:00,,
2024-10-25T17:15+02:00,,
2024-10-25T17:30+02:00,,
2024-10-25T17:45+02:00,,
2024-10-25T18:00+02:00,,
2024-10-25T18:15+02:00,,
2024-10-25T18:30+02:00,,
2024-10-25T18:45+02:00,,
2024-10-25T19:00+02:00,,
2024-10-25T19:15+02:00,,
2024-10-25T19:30+02:00,,
2024-10-25T19:45+02:00,,
2024-10-25T20:00+02:00,,
2024-10-25T20:15+02:00,,
2024-10-25T20:30+02:00,,
2024-10-25T20:45+02:00,,
2024-10-25T21:00+02:00,,
2024-10-25T21:15+02:00,,
2024-10-25T21:30+02:00,,
2024-10-25T21:45+02:00,,
2024-10-25T22:00+02:00,,
2024-10-25T22:15+02:00,,
2024-10-25T22:30+02:00,,
2024-10-25T22:45+02:00,,
2024-10-25T23:00+02:00,,
2024-10-25T23:15+02:00,,
2024-10-25T23:30+02:00,,
2024-10-25T23:45+02:00,,
2024-10-26T00:00+02:00,,
2024-10-26T00:15+02:00,,
2024-10-26T00:30+02:00,,
2024-10-26T00:45+02:00,,
2024-10-26T01:00+02:00,,
2024-10-26T01:15+02:00,,
2024-10-26T01:30+02:00,,
2024-10-26T01:45+02:00,,
2024-10-26T02:00+02:00,,
2024-10-26T02:15+02:00,,
2024-10-26T02:30+02:00,,
2024-10-26T02:45+02:00,,
2024-10-26T03:00+02:00,,
2024-10-26T03:15+02:00,,
2024-10-26T03:30+02:00,,
2024-10-26T03:45+02:00,,
2024-10-26T04:00+02:00,,
2024-10-26T04:15+02:00,,
2024-10-26T04:30+02:00,,
2024-10-26T04:45+02:00,,
2024-10-26T05:00+02:00,,
2024-10-26T05:15+02:00,,
2024-10-26T05:30+02:00,,
2024-10-26T05:45+02:00,,
2024-10-26T06:00+02:00,,
2024-10-26T06:15+02:00,,
2024-10-26T06:30+02:00,,
2024-10-26T06:45+02:00,,
2024-10-26T07:00+02:00,,
2024-10-26T07:15+02:00,,
2024-10-26T07:30+02:00,,
2024-10-26T07:45+02:00,,
2024-10-26T08:00+02:00,,
2024-10-26T08:15+02:00,,
2024-10-26T08:30+02:00,,
2024-10-26T08:45+02:00,,
2024-10-26T09:00+02:00,,
2024-10-26T09:15+02:00,,
2024-10-26T09:30+02:00,,
2024-10-26T09:45+02:00,,
2024-10-26T10:00+02:00,,
2024-10-26T10:15+02:00,,
2024-10-26T10:30+02:00,,
2024-10-26T10:45+02:00,,
2024-10-26T11:00+02:00,,
2024-10-26T11:15+02:00,,
2024-10-26T11:30+02:00,,
2024-10-26T11:45+02:00,,
2024-10-26T12:00+02:00,,
2024-10-26T12:15+02:00,,
2024-10-26T12:30+02:00,,
2024-10-26T12:45+02:00,,
2024-10-26T13:00+02:00,,
2024-10-26T13:15+02:00,,
2024-10-26T13:30+02:00,,
2024-10-26T13:45+02:00,,
2024-10-26T14:00+02:00,,
2024-10-26T14:15+02:00,,
2024-10-26T14:30+02:00,,
2024-10-26T14:45+02:00,,
2024-10-26T15:00+02:00,,
2024-10-26T15:15+02:00,,
2024-10-26T15:30+02:00,,
2024-10-26T15:45+02:00,,
2024-10-26T16:00+02:00,,
2024-10-26T16:15+02:00,,
2024-10-26T16:30+02:00,,
2024-10-26T16:45+02:00,,
2024-10-26T17:00+02:00,,
2024-10-26T17:15+02:00,,
2024-10-26T17:30+02:00,,
2024-10-26T17:45+02:00,,
2024-10-26T18:00+02:00,,
2024-10-26T18:15+02:00,,
2024-10-26T18:30+02:00,,
2024-10-26T18:45+02:00,,
2024-10-26T19:00+02:00,,
2024-10-26T19:15+02:00,,
2024-10-26T19:30+02:00,,
2024-10-26T19:45+02:00,,
2024-10-26T20:00+02:00,,
2024-10-26T20:15+02:00,,
2024-10-26T20:30+02:00,,
2024-10-26T20:45+02:00,,
2024-10-26T21:00+02:00,,
2024-10-26T21:15+02:00,,
2024-10-26T21:30+02:00,,
2024-10-26T21:45+02:00,,
2024-10-26T22:00+02:00,,
2024-10-26T22:15+02:00,,
2024-10-26T22:30+02:00,,
2024-10-26T22:45+02:00,,
2024-10-26T23:00+02:00,,
2024-10-26T23:15+02:00,,
2024-10-26T23:30+02:00,,
2024-10-26T23:45+02:00,-0.25,
2024-10-27T00:00+02:00,-0.25,
2024-10-27T00:15+02:00,-0.25,
2024-10-27T00:30+02:00,-0.25,
2024-10-27T00:45+02:00,-0.25,
2024-10-27T01:00+02:00,-0.25,
2024-10-27T01:15+02:00,-0.25,
2024-10-27T01:30+02:00,-0.25,
2024-10-27T01:45+02:00,-0.25,
2024-10-27T02:00+02:00,,
2024-10-27T02:15+02:00,,
2024-10-27T02:30+02:00,,
2024-10-27T02:45+02:00,,
2024-10-27T02:00+01:00,,
2024-10-27T02:15+01:00,,
2024-10-27T02:30+01:00,,
2024-10-27T02:45+01:00,,
2024-10-27T03:00+01:00,,
2024-10-27T03:15+01:00,,
2024-10-27T03:30+01:00,,
2024-10-27T03:45+01:00,,
2024-10-27T04:00+01:00,,
2024-10-27T04:15+01:00,,
2024-10-27T04:30+01:00,,
2024-10-27T04:45+01:00,,
2024-10-27T05:00+01:00,,
2024-10-27T05:15+01:00,,
2024-10-27T05:30+01:00,,
2024-10-27T05:45+01:00,,
2024-10-27T06:00+01:00,,
2024-10-27T06:15+01:00,,
2024-10-27T06:30+01:00,,
2024-10-27T06:45+01:00,,
2024-10-27T07:00+01:00,,
2024-10-27T07:15+01:00,,
2024-10-27T07:30+01:00,,
2024-10-27T07:45+01:00,,
2024-10-27T08:00+01:00,,
2024-10-27T08:15+01:00,,
2024-10-27T08:30+01:00,,
2024-10-27T08:45+01:00,,
2024-10-27T09:00+01:00,,
2024-10-27T09:15+01:00,,
2024-10-27T09:30+01:00,,
2024-10-27T09:45+01:00,,
2024-10-27T10:00+01:00,,
2024-10-27T10:15+01:00,,
2024-10-27T10:30+01:00,,
2024-10-27T10:45+01:00,,
2024-10-27T11:00+01:00,,
2024-10-27T11:15+01:00,,
2024-10-27T11:30+01:00,,
2024-10-27T11:45+01:00,,
2024-10-27T12:00+01:00,,
2024-10-27T12:15+01:00,,
2024-10-27T12:30+01:00,,
2024-10-27T12:45+01:00,,
2024-10-27T13:00+01:00,,
2024-10-27T13:15+01:00,,
2024-10-27T13:30+01:00,,
2024-10-27T13:45+01:00,,
2024-10-27T14:00+01:00,,
2024-10-27T14:15+01:00,,
2024-10-27T14:30+01:00,,
2024-10-27T14:45+01:00,,
2024-10-27T15:00+01:00,,
2024-10-27T15:15+01:00,,
2024-10-27T15:30+01:00,,
2024-10-27T15:45+01:00,,
2024-10-27T16:00+01:00,,
2024-10-27T16:15+01:00,,
2024-10-27T16:30+01:00,,
2024-10-27T16:45+01:00,,
2024-10-27T17:00+01:00,,
2024-10-27T17:15+01:00,,
2024-10-27T17:30+01:00,,
2024-10-27T17:45+01:00,,
2024-10-27T18:00+01:00,,
2024-10-27T18:15+01:00,,
2024-10-27T18:30+01:00,,
2024-10-27T18:45+01:00,,
2024-10-27T19:00+01:00,,
2024-10-27T19:15+01:00,,
2024-10-27T19:30+01:00,,
2024-10-27T19:45+01:00,,
2024-10-27T20:00+01:00,,
2024-10-27T20:15+01:00,,
2024-10-27T20:30+01:00,,
2024-10-27T20:45+01:00,,
2024-10-27T21:00+01:00,,
2024-10-27T21:15+01:00,,
2024-10-27T21:30+01:00,,
2024-10-27T21:45+01:00,,
2024-10-27T22:00+01:00,,
2024-10-27T22:15+01:00,,
2024-10-27T22:30+01:00,,
2024-10-27T22:45+01:00,,
2024-10-27T23:00+01:00,,
2024-10-27T23:15+01:00,,
2024-10-27T23:30+01:00,,
2024-10-27T23:45+01:00,,
2024-10-28T00:00+01:00,,
2024-10-28T00:15+01:00,,
2024-10-28T00:30+01:00,,
2024-10-28T00:45+01:00,,
2024-10-28T01:00+01:00,,
2024-10-28T01:15+01:00,,
2024-10-28T01:30+01:00,,
2024-10-28T01:45+01:00,,
2024-10-28T02:00+01:00,-24.25,
2024-10-28T02:15+01:00,-24.25,
2024-10-28T02:30+01:00,-24.25,
2024-10-28T02:45+01:00,-24.25,
2024-10-28T03:00+01:00,-49,
2024-10-28T03:15+01:00,-49,
2024-10-28T03:30+01:00,-49,
2024-10-28T03:45+01:00,-49,
2024-10-28T04:00+01:00,-100,
2024-10-28T04:15+01:00,-100,
2024-10-28T04:30+01:00,-100,
2024-10-28T04:45+01:00,-100,
2024-10-28T05:00+01:00,-0.25,
2024-10-28T05:15+01:00,-0.25,
2024-10-28T05:30+01:00,-0.25,
2024-10-28T05:45+01:00,-0.25,
2024-10-28T06:00+01:00,,
2024-10-28T06:15+01:00,,
2024-10-28T06:30+01:00,,
2024-10-28T06:45+01:00,,
2024-10-28T07:00+01:00,-11.25,
2024-10-28T07:15+01:00,-11.25,
2024-10-28T07:30+01:00,-11.25,
2024-10-28T07:45+01:00,-11.25,
2024-10-28T08:00+01:00,,
2024-10-28T08:15+01:00,,
2024-10-28T08:30+01:00,,
2024-10-28T08:45+01:00,,
2024-10-28T09:00+01:00,-62.5,
2024-10-28T09:15+01:00,-60.25,
2024-10-28T09:30+01:00,-10.5,
2024-10-28T09:45+01:00,,
2024-10-28T10:00+01:00,-21.25,
2024-10-28T10:15+01:00,-20.5,
2024-10-28T10:30+01:00,-10.25,
2024-10-28T10:45+01:00,-14.5,
2024-10-28T11:00+01:00,-35.25,
2024-10-28T11:15+01:00,-7.75,
2024-10-28T11:30+01:00,-7.75,
2024-10-28T11:45+01:00,-7.75,
2024-10-28T12:00+01:00,-12,
2024-10-28T12:15+01:00,-12,
2024-10-28T12:30+01:00,-12,
2024-10-28T12:45+01:00,-12,
2024-10-28T13:00+01:00,-51.5,
2024-10-28T13:15+01:00,-42,
2024-10-28T13:30+01:00,-18,
2024-10-28T13:45+01:00,-5,
2024-10-28T14:00+01:00,-9,
2024-10-28T14:15+01:00,-5.25,
2024-10-28T14:30+01:00,-25,
2024-10-28T14:45+01:00,-15,
2024-10-28T15:00+01:00,-79.5,
2024-10-28T15:15+01:00,-68.25,
2024-10-28T15:30+01:00,-50,
2024-10-28T15:45+01:00,-50,
2024-10-28T16:00+01:00,-37.5,
2024-10-28T16:15+01:00,-37.5,
2024-10-28T16:30+01:00,-37.5,
2024-10-28T16:45+01:00,-50,
2024-10-28T17:00+01:00,-62.5,
2024-10-28T17:15+01:00,-65.25,
2024-10-28T17:30+01:00,-65.25,
2024-10-28T17:45+01:00,-65.25,
2024-10-28T18:00+01:00,-72.5,
2024-10-28T18:15+01:00,-72.5,
2024-10-28T18:30+01:00,-72.5,
2024-10-28T18:45+01:00,-57.5,
2024-10-28T19:00+01:00,-40,
2024-10-28T19:15+01:00,-22.5,
2024-10-28T19:30+01:00,-22.5,
2024-10-28T19:45+01:00,-15,
2024-10-28T20:00+01:00,,
2024-10-28T20:15+01:00,,
2024-10-28T20:30+01:00,,
2024-10-28T20:45+01:00,,
2024-10-28T21:00+01:00,,
2024-10-28T21:15+01:00,,
2024-10-28T21:30+01:00,,
2024-10-28T21:45+01:00,,
2024-10-28T22:00+01:00,,
2024-10-28T22:15+01:00,,
2024-10-28T22:30+01:00,,
2024-10-28T22:45+01:00,,
2024-10-28T23:00+01:00,,
2024-10-28T23:15+01:00,,
2024-10-28T23:30+01:00,,
2024-10-28T23:45+01:00,,
2024-10-29T00:00+01:00,,
2024-10-29T00:15+01:00,,
2024-10-29T00:30+01:00,,
2024-10-29T00:45+01:00,,
2024-10-29T01:00+01:00,,
2024-10-29T01:15+01:00,,
2024-10-29T01:30+01:00,,
2024-10-29T01:45+01:00,,
2024-10-29T02:00+01:00,,
2024-10-29T02:15+01:00,,
2024-10-29T02:30+01:00,,
2024-10-29T02:45+01:00,,
2024-10-29T03:00+01:00,,
2024-10-29T03:15+01:00,,
2024-10-29T03:30+01:00,,
2024-10-29T03:45+01:00,,
2024-10-29T04:00+01:00,,
2024-10-29T04:15+01:00,,
2024-10-29T04:30+01:00,,
2024-10-29T04:45+01:00,,
2024-10-29T05:00+01:00,,
2024-10-29T05:15+01:00,,
2024-10-29T05:30+01:00,,
2024-10-29T05:45+01:00,,
2024-10-29T06:00+01:00,,
2024-10-29T06:15+01:00,,
2024-10-29T06:30+01:00,,
2024-10-29T06:45+01:00,,
2024-10-29T07:00+01:00,,
2024-10-29T07:15+01:00,,
2024-10-29T07:30+01:00,,
2024-10-29T07:45+01:00,,
2024-10-29T08:00+01:00,,
2024-10-29T08:15+01:00,,
2024-10-29T08:30+01:00,,
2024-10-29T08:45+01:00,,
2024-10-29T09:00+01:00,,
2024-10-29T09:15+01:00,,
2024-10-29T09:30+01:00,,
2024-10-29T09:45+01:00,,
2024-10-29T10:00+01:00,,
2024-10-29T10:15+01:00,,
2024-10-29T10:30+01:00,,
2024-10-29T10:45+01:00,,
2024-10-29T11:00+01:00,,
2024-10-29T11:15+01:00,,
2024-10-29T11:30+01:00,,
2024-10-29T11:45+01:00,,
2024-10-29T12:00+01:00,,
2024-10-29T12:15+01:00,,
2024-10-29T12:30+01:00,,
2024-10-29T12:45+01:00,,
2024-10-29T13:00+01:00,,
2024-10-29T13:15+01:00,,
2024-10-29T13:30+01:00,,
2024-10-29T13:45+01:00,,
2024-10-29T14:00+01:00,,
2024-10-29T14:15+01:00,,
2024-10-29T14:30+01:00,,
2024-10-29T14:45+01:00,,
2024-10-29T15:00+01:00,,
2024-10-29T15:15+01:00,,
2024-10-29T15:30+01:00,,
2024-10-29T15:45+01:00,,
2024-10-29T16:00+01:00,,
2024-10-29T16:15+01:00,,
2024-10-29T16:30+01:00,,
2024-10-29T16:45+01:00,,
2024-10-29T17:00+01:00,,
2024-10-29T17:15+01:00,,
2024-10-29T17:30+01:00,,
2024-10-29T17:45+01:00,,
2024-10-29T18:00+01:00,,
2024-10-29T18:15+01:00,,
2024-10-29T18:30+01:00,,
2024-10-29T18:45+01:00,,
2024-10-29T19:00+01:00,,
2024-10-29T19:15+01:00,,
2024-10-29T19:30+01:00,,
2024-10-29T19:45+01:00,,
2024-10-29T20:00+01:00,,
2024-10-29T20:15+01:00,,
2024-10-29T20:30+01:00,,
2024-10-29T20:45+01:00,,
2024-10-29T21:00+01:00,,
2024-10-29T21:15+01:00,,
2024-10-29T21:30+01:00,,
2024-10-29T21:45+01:00,,
2024-10-29T22:00+01:00,,
2024-10-29T22:15+01:00,,
2024-10-29T22:30+01:00,,
2024-10-29T22:45+01:00,,
2024-10-29T23:00+01:00,,
2024-10-29T23:15+01:00,,
2024-10-29T23:30+01:00,,
2024-10-29T23:45+01:00,,
2024-10-30T00:00+01:00,,
2024-10-30T00:15+01:00,,
2024-10-30T00:30+01:00,,
2024-10-30T00:45+01:00,,
2024-10-30T01:00+01:00,,
2024-10-30T01:15+01:00,,
2024-10-30T01:30+01:00,,
2024-10-30T01:45+01:00,,
2024-10-30T02:00+01:00,,
2024-10-30T02:15+01:00,,
2024-10-30T02:30+01:00,,
2024-10-30T02:45+01:00,,
2024-10-30T03:00+01:00,,
2024-10-30T03:15+01:00,,
2024-10-30T03:30+01:00,,
2024-10-30T03:45+01:00,,
2024-10-30T04:00+01:00,,
2024-10-30T04:15+01:00,,
2024-10-30T04:30+01:00,,
2024-10-30T04:45+01:00,,
2024-10-30T05:00+01:00,,
2024-10-30T05:15+01:00,,
2024-10-30T05:30+01:00,,
2024-10-30T05:45+01:00,,
2024-10-30T06:00+01:00,,
2024-10-30T06:15+01:00,,
2024-10-30T06:30+01:00,,
2024-10-30T06:45+01:00,,
2024-10-30T07:00+01:00,,
2024-10-30T07:15+01:00,,
2024-10-30T07:30+01:00,,
2024-10-30T07:45+01:00,,
2024-10-30T08:00+01:00,,
2024-10-30T08:15+01:00,,
2024-10-30T08:30+01:00,,
2024-10-30T08:45+01:00,,
2024-10-30T09:00+01:00,,
2024-10-30T09:15+01:00,,
2024-10-30T09:30+01:00,,
2024-10-30T09:45+01:00,,
2024-10-30T10:00+01:00,,
2024-10-30T10:15+01:00,,
2024-10-30T10:30+01:00,,
2024-10-30T10:45+01:00,,
2024-10-30T11:00+01:00,,
2024-10-30T11:15+01:00,,
2024-10-30T11:30+01:00,,
2024-10-30T11:45+01:00,,
2024-10-30T12:00+01:00,,
2024-10-30T12:15+01:00,-0.25,
2024-10-30T12:30+01:00,-0.25,
2024-10-30T12:45+01:00,-0.25,
2024-10-30T13:00+01:00,,
2024-10-30T13:15+01:00,,
2024-10-30T13:30+01:00,,
2024-10-30T13:45+01:00,-100,
2024-10-30T14:00+01:00,-100,
2024-10-30T14:15+01:00,-100,
2024-10-30T14:30+01:00,-100,
2024-10-30T14:45+01:00,-100,
2024-10-30T15:00+01:00,-100,
2024-10-30T15:15+01:00,-100,
2024-10-30T15:30+01:00,-100,
2024-10-30T15:45+01:00,-100,
2024-10-30T16:00+01:00,-100,
2024-10-30T16:15+01:00,-75,
2024-10-30T16:30+01:00,-25,
2024-10-30T16:45+01:00,,
2024-10-30T17:00+01:00,,
2024-10-30T17:15+01:00,,
2024-10-30T17:30+01:00,,
2024-10-30T17:45+01:00,,
2024-10-30T18:00+01:00,,
2024-10-30T18:15+01:00,,
2024-10-30T18:30+01:00,,
2024-10-30T18:45+01:00,,
2024-10-30T19:00+01:00,,
2024-10-30T19:15+01:00,,
2024-10-30T19:30+01:00,,
2024-10-30T19:45+01:00,,
2024-10-30T20:00+01:00,,
2024-10-30T20:15+01:00,,
2024-10-30T20:30+01:00,,
2024-10-30T20:45+01:00,,
2024-10-30T21:00+01:00,,
2024-10-30T21:15+01:00,,
2024-10-30T21:30+01:00,,
2024-10-30T21:45+01:00,,
2024-10-30T22:00+01:00,,
2024-10-30T22:15+01:00,,
2024-10-30T22:30+01:00,,
2024-10-30T22:45+01:00,,
2024-10-30T23:00+01:00,,
2024-10-30T23:15+01:00,,
2024-10-30T23:30+01:00,,
2024-10-30T23:45+01:00,,
2024-10-31T00:00+01:00,,
2024-10-31T00:15+01:00,,
2024-10-31T00:30+01:00,,
2024-10-31T00:45+01:00,,
2024-10-31T01:00+01:00,,
2024-10-31T01:15+01:00,,
2024-10-31T01:30+01:00,,
2024-10-31T01:45+01:00,,
2024-10-31T02:00+01:00,,
2024-10-31T02:15+01:00,,
2024-10-31T02:30+01:00,,
2024-10-31T02:45+01:00,,
2024-10-31T03:00+01:00,,
2024-10-31T03:15+01:00,,
2024-10-31T03:30+01:00,,
2024-10-31T03:45+01:00,,
2024-10-31T04:00+01:00,-75,
2024-10-31T04:15+01:00,-75,
2024-10-31T04:30+01:00,-75,
2024-10-31T04:45+01:00,-75,
2024-10-31T05:00+01:00,-125,
2024-10-31T05:15+01:00,-125,
2024-10-31T05:30+01:00,-125,
2024-10-31T05:45+01:00,-125,
2024-10-31T06:00+01:00,-125,
2024-10-31T06:15+01:00,-200,
2024-10-31T06:30+01:00,-200,
2024-10-31T06:45+01:00,-312.5,
2024-10-31T07:00+01:00,-339.5,
2024-10-31T07:15+01:00,-464.5,
2024-10-31T07:30+01:00,-474.5,
2024-10-31T07:45+01:00,-484.5,
2024-10-31T08:00+01:00,-511.25,
2024-10-31T08:15+01:00,-495,
2024-10-31T08:30+01:00,-501.25,
2024-10-31T08:45+01:00,-501.25,
2024-10-31T09:00+01:00,-450,
2024-10-31T09:15+01:00,-450,
2024-10-31T09:30+01:00,-450.25,
2024-10-31T09:45+01:00,-450,
2024-10-31T10:00+01:00,-450,
2024-10-31T10:15+01:00,-450,
2024-10-31T10:30+01:00,-450,
2024-10-31T10:45+01:00,-450,
2024-10-31T11:00+01:00,-506,
2024-10-31T11:15+01:00,-506.75,
2024-10-31T11:30+01:00,-431.75,
2024-10-31T11:45+01:00,-453,
2024-10-31T12:00+01:00,-689.75,
2024-10-31T12:15+01:00,-701,
2024-10-31T12:30+01:00,-711,
2024-10-31T12:45+01:00,-723.5,
2024-10-31T13:00+01:00,-893.75,
2024-10-31T13:15+01:00,-906.25,
2024-10-31T13:30+01:00,-918.75,
2024-10-31T13:45+01:00,-918.75,
2024-10-31T14:00+01:00,-879.5,
2024-10-31T14:15+01:00,-879.5,
2024-10-31T14:30+01:00,-919.5,
2024-10-31T14:45+01:00,-942,
2024-10-31T15:00+01:00,-914.25,
2024-10-31T15:15+01:00,-981.64375,
2024-10-31T15:30+01:00,-963.324,
2024-10-31T15:45+01:00,-897.1785,
2024-10-31T16:00+01:00,-843.78225,
2024-10-31T16:15+01:00,-857.23475,
2024-10-31T16:30+01:00,-871.926,
2024-10-31T16:45+01:00,-868.362,
2024-10-31T17:00+01:00,-801.25,
2024-10-31T17:15+01:00,-783.75,
2024-10-31T17:30+01:00,-708.75,
2024-10-31T17:45+01:00,-708.75,
2024-10-31T18:00+01:00,-726.75,
2024-10-31T18:15+01:00,-761.25,
2024-10-31T18:30+01:00,-719.25,
2024-10-31T18:45+01:00,-724.25,
2024-10-31T19:00+01:00,-601.25,
2024-10-31T19:15+01:00,-635.5,
2024-10-31T19:30+01:00,-658,
2024-10-31T19:45+01:00,-663,
2024-10-31T20:00+01:00,-550.5,
2024-10-31T20:15+01:00,-587.75,
2024-10-31T20:30+01:00,-495.25,
2024-10-31T20:45+01:00,-472.5,
2024-10-31T21:00+01:00,-516.25,
2024-10-31T21:15+01:00,-516.25,
2024-10-31T21:30+01:00,-480,
2024-10-31T21:45+01:00,-467.75,
2024-10-31T22:00+01:00,-503.25,
2024-10-31T22:15+01:00,-484.5,
2024-10-31T22:30+01:00,-479.5,
2024-10-31T22:45+01:00,-456,
2024-10-31T23:00+01:00,-557,
2024-10-31T23:15+01:00,-567,
2024-10-31T23:30+01:00,-567,
2024-10-31T23:45+01:00,-567,