Date (GMT+1),DE (TenneT) Load decrease (current-induced)
,Energy (MWh)
2024-12-01T00:00+01:00,
2024-12-01T00:15+01:00,
2024-12-01T00:30+01:00,
2024-12-01T00:45+01:00,
2024-12-01T01:00+01:00,
2024-12-01T01:15+01:00,
2024-12-01T01:30+01:00,
2024-12-01T01:45+01:00,
2024-12-01T02:00+01:00,
2024-12-01T02:15+01:00,
2024-12-01T02:30+01:00,
2024-12-01T02:45+01:00,
2024-12-01T03:00+01:00,
2024-12-01T03:15+01:00,
2024-12-01T03:30+01:00,
2024-12-01T03:45+01:00,
2024-12-01T04:00+01:00,
2024-12-01T04:15+01:00,
2024-12-01T04:30+01:00,
2024-12-01T04:45+01:00,
2024-12-01T05:00+01:00,
2024-12-01T05:15+01:00,
2024-12-01T05:30+01:00,
2024-12-01T05:45+01:00,
2024-12-01T06:00+01:00,
2024-12-01T06:15+01:00,
2024-12-01T06:30+01:00,
2024-12-01T06:45+01:00,
2024-12-01T07:00+01:00,
2024-12-01T07:15+01:00,
2024-12-01T07:30+01:00,
2024-12-01T07:45+01:00,
2024-12-01T08:00+01:00,
2024-12-01T08:15+01:00,
2024-12-01T08:30+01:00,
2024-12-01T08:45+01:00,
2024-12-01T09:00+01:00,
2024-12-01T09:15+01:00,
2024-12-01T09:30+01:00,
2024-12-01T09:45+01:00,
2024-12-01T10:00+01:00,
2024-12-01T10:15+01:00,
2024-12-01T10:30+01:00,
2024-12-01T10:45+01:00,
2024-12-01T11:00+01:00,
2024-12-01T11:15+01:00,
2024-12-01T11:30+01:00,
2024-12-01T11:45+01:00,
2024-12-01T12:00+01:00,
2024-12-01T12:15+01:00,
2024-12-01T12:30+01:00,
2024-12-01T12:45+01:00,-1
2024-12-01T13:00+01:00,-13.5
2024-12-01T13:15+01:00,-26
2024-12-01T13:30+01:00,-38.5
2024-12-01T13:45+01:00,-51
2024-12-01T14:00+01:00,-63.5
2024-12-01T14:15+01:00,-76
2024-12-01T14:30+01:00,-88.5
2024-12-01T14:45+01:00,-89.75
2024-12-01T15:00+01:00,-92.25
2024-12-01T15:15+01:00,-92.25
2024-12-01T15:30+01:00,-87.25
2024-12-01T15:45+01:00,-74.75
2024-12-01T16:00+01:00,-63.5
2024-12-01T16:15+01:00,-63.5
2024-12-01T16:30+01:00,-63.5
2024-12-01T16:45+01:00,-63.5
2024-12-01T17:00+01:00,-63.5
2024-12-01T17:15+01:00,-63.5
2024-12-01T17:30+01:00,-63.5
2024-12-01T17:45+01:00,-63.5
2024-12-01T18:00+01:00,-60.25
2024-12-01T18:15+01:00,-60.25
2024-12-01T18:30+01:00,-72
2024-12-01T18:45+01:00,-65.5
2024-12-01T19:00+01:00,-63.75
2024-12-01T19:15+01:00,-55.75
2024-12-01T19:30+01:00,-54.5
2024-12-01T19:45+01:00,-59
2024-12-01T20:00+01:00,-77
2024-12-01T20:15+01:00,-75.5
2024-12-01T20:30+01:00,-75.75
2024-12-01T20:45+01:00,-79.5
2024-12-01T21:00+01:00,-79.5
2024-12-01T21:15+01:00,-81.25
2024-12-01T21:30+01:00,-82.75
2024-12-01T21:45+01:00,-86.25
2024-12-01T22:00+01:00,-104.5
2024-12-01T22:15+01:00,-105
2024-12-01T22:30+01:00,-105.25
2024-12-01T22:45+01:00,-105.5
2024-12-01T23:00+01:00,-113.5
2024-12-01T23:15+01:00,-104
2024-12-01T23:30+01:00,-95.25
2024-12-01T23:45+01:00,-94.25
2024-12-02T00:00+01:00,-51.75
2024-12-02T00:15+01:00,-51.75
2024-12-02T00:30+01:00,-51.75
2024-12-02T00:45+01:00,-51.75
2024-12-02T01:00+01:00,-32
2024-12-02T01:15+01:00,-32
2024-12-02T01:30+01:00,-32
2024-12-02T01:45+01:00,-32
2024-12-02T02:00+01:00,-53.5
2024-12-02T02:15+01:00,-53.5
2024-12-02T02:30+01:00,-53.5
2024-12-02T02:45+01:00,-53.5
2024-12-02T03:00+01:00,-66
2024-12-02T03:15+01:00,-66
2024-12-02T03:30+01:00,-66
2024-12-02T03:45+01:00,-66
2024-12-02T04:00+01:00,-67.75
2024-12-02T04:15+01:00,-67.75
2024-12-02T04:30+01:00,-67.75
2024-12-02T04:45+01:00,-67.75
2024-12-02T05:00+01:00,-135.5
2024-12-02T05:15+01:00,-151
2024-12-02T05:30+01:00,-166.5
2024-12-02T05:45+01:00,-166.5
2024-12-02T06:00+01:00,-173.25
2024-12-02T06:15+01:00,-184.5
2024-12-02T06:30+01:00,-184.5
2024-12-02T06:45+01:00,-214.5
2024-12-02T07:00+01:00,-214.75
2024-12-02T07:15+01:00,-226
2024-12-02T07:30+01:00,-226
2024-12-02T07:45+01:00,-226
2024-12-02T08:00+01:00,-231.5
2024-12-02T08:15+01:00,-231.5
2024-12-02T08:30+01:00,-231.5
2024-12-02T08:45+01:00,-231.5
2024-12-02T09:00+01:00,-236.25
2024-12-02T09:15+01:00,-236.25
2024-12-02T09:30+01:00,-236.25
2024-12-02T09:45+01:00,-236.25
2024-12-02T10:00+01:00,-236.25
2024-12-02T10:15+01:00,-236.25
2024-12-02T10:30+01:00,-236.25
2024-12-02T10:45+01:00,-236.25
2024-12-02T11:00+01:00,-236.25
2024-12-02T11:15+01:00,-236.25
2024-12-02T11:30+01:00,-236.25
2024-12-02T11:45+01:00,-236.25
2024-12-02T12:00+01:00,-203.5
2024-12-02T12:15+01:00,-203.5
2024-12-02T12:30+01:00,-203.5
2024-12-02T12:45+01:00,-203.5
2024-12-02T13:00+01:00,-186.25
2024-12-02T13:15+01:00,-186.25
2024-12-02T13:30+01:00,-186.25
2024-12-02T13:45+01:00,-186.25
2024-12-02T14:00+01:00,-196.5
2024-12-02T14:15+01:00,-196.5
2024-12-02T14:30+01:00,-196.5
2024-12-02T14:45+01:00,-196.5
2024-12-02T15:00+01:00,-195.25
2024-12-02T15:15+01:00,-195.25
2024-12-02T15:30+01:00,-195.25
2024-12-02T15:45+01:00,-195.25
2024-12-02T16:00+01:00,-192.75
2024-12-02T16:15+01:00,-192.75
2024-12-02T16:30+01:00,-192.75
2024-12-02T16:45+01:00,-192.75
2024-12-02T17:00+01:00,-186.75
2024-12-02T17:15+01:00,-186.75
2024-12-02T17:30+01:00,-186.75
2024-12-02T17:45+01:00,-176.75
2024-12-02T18:00+01:00,-181.5
2024-12-02T18:15+01:00,-181.5
2024-12-02T18:30+01:00,-181.5
2024-12-02T18:45+01:00,-181.5
2024-12-02T19:00+01:00,-181.5
2024-12-02T19:15+01:00,-181.5
2024-12-02T19:30+01:00,-181.5
2024-12-02T19:45+01:00,-181.5
2024-12-02T20:00+01:00,-179
2024-12-02T20:15+01:00,-179
2024-12-02T20:30+01:00,-179
2024-12-02T20:45+01:00,-179
2024-12-02T21:00+01:00,-176.25
2024-12-02T21:15+01:00,-176.25
2024-12-02T21:30+01:00,-176.25
2024-12-02T21:45+01:00,-176.25
2024-12-02T22:00+01:00,-187.75
2024-12-02T22:15+01:00,-187.75
2024-12-02T22:30+01:00,-182.5
2024-12-02T22:45+01:00,-172.25
2024-12-02T23:00+01:00,-147.25
2024-12-02T23:15+01:00,-133
2024-12-02T23:30+01:00,-120
2024-12-02T23:45+01:00,-114.75
2024-12-03T00:00+01:00,
2024-12-03T00:15+01:00,
2024-12-03T00:30+01:00,
2024-12-03T00:45+01:00,
2024-12-03T01:00+01:00,
2024-12-03T01:15+01:00,
2024-12-03T01:30+01:00,
2024-12-03T01:45+01:00,
2024-12-03T02:00+01:00,
2024-12-03T02:15+01:00,
2024-12-03T02:30+01:00,
2024-12-03T02:45+01:00,
2024-12-03T03:00+01:00,
2024-12-03T03:15+01:00,
2024-12-03T03:30+01:00,
2024-12-03T03:45+01:00,
2024-12-03T04:00+01:00,
2024-12-03T04:15+01:00,
2024-12-03T04:30+01:00,
2024-12-03T04:45+01:00,
2024-12-03T05:00+01:00,
2024-12-03T05:15+01:00,
2024-12-03T05:30+01:00,
2024-12-03T05:45+01:00,
2024-12-03T06:00+01:00,
2024-12-03T06:15+01:00,
2024-12-03T06:30+01:00,
2024-12-03T06:45+01:00,
2024-12-03T07:00+01:00,
2024-12-03T07:15+01:00,
2024-12-03T07:30+01:00,
2024-12-03T07:45+01:00,
2024-12-03T08:00+01:00,
2024-12-03T08:15+01:00,-18.75
2024-12-03T08:30+01:00,-28.75
2024-12-03T08:45+01:00,-28.75
2024-12-03T09:00+01:00,
2024-12-03T09:15+01:00,
2024-12-03T09:30+01:00,
2024-12-03T09:45+01:00,
2024-12-03T10:00+01:00,-33.75
2024-12-03T10:15+01:00,-47.5
2024-12-03T10:30+01:00,-77.5
2024-12-03T10:45+01:00,-104.25
2024-12-03T11:00+01:00,-133.75
2024-12-03T11:15+01:00,-133.75
2024-12-03T11:30+01:00,-133.75
2024-12-03T11:45+01:00,-133.75
2024-12-03T12:00+01:00,-133
2024-12-03T12:15+01:00,-132.5
2024-12-03T12:30+01:00,-98.5
2024-12-03T12:45+01:00,-81.75
2024-12-03T13:00+01:00,-70.5
2024-12-03T13:15+01:00,-58
2024-12-03T13:30+01:00,-45.5
2024-12-03T13:45+01:00,-33
2024-12-03T14:00+01:00,-20.5
2024-12-03T14:15+01:00,-20.5
2024-12-03T14:30+01:00,-20.5
2024-12-03T14:45+01:00,-8
2024-12-03T15:00+01:00,
2024-12-03T15:15+01:00,
2024-12-03T15:30+01:00,
2024-12-03T15:45+01:00,
2024-12-03T16:00+01:00,
2024-12-03T16:15+01:00,
2024-12-03T16:30+01:00,
2024-12-03T16:45+01:00,
2024-12-03T17:00+01:00,
2024-12-03T17:15+01:00,
2024-12-03T17:30+01:00,
2024-12-03T17:45+01:00,
2024-12-03T18:00+01:00,
2024-12-03T18:15+01:00,
2024-12-03T18:30+01:00,
2024-12-03T18:45+01:00,
2024-12-03T19:00+01:00,
2024-12-03T19:15+01:00,
2024-12-03T19:30+01:00,
2024-12-03T19:45+01:00,
2024-12-03T20:00+01:00,
2024-12-03T20:15+01:00,
2024-12-03T20:30+01:00,
2024-12-03T20:45+01:00,
2024-12-03T21:00+01:00,
2024-12-03T21:15+01:00,
2024-12-03T21:30+01:00,
2024-12-03T21:45+01:00,
2024-12-03T22:00+01:00,
2024-12-03T22:15+01:00,
2024-12-03T22:30+01:00,
2024-12-03T22:45+01:00,
2024-12-03T23:00+01:00,
2024-12-03T23:15+01:00,
2024-12-03T23:30+01:00,
2024-12-03T23:45+01:00,
2024-12-04T00:00+01:00,
2024-12-04T00:15+01:00,
2024-12-04T00:30+01:00,
2024-12-04T00:45+01:00,
2024-12-04T01:00+01:00,
2024-12-04T01:15+01:00,
2024-12-04T01:30+01:00,
2024-12-04T01:45+01:00,
2024-12-04T02:00+01:00,
2024-12-04T02:15+01:00,
2024-12-04T02:30+01:00,
2024-12-04T02:45+01:00,
2024-12-04T03:00+01:00,
2024-12-04T03:15+01:00,
2024-12-04T03:30+01:00,
2024-12-04T03:45+01:00,
2024-12-04T04:00+01:00,
2024-12-04T04:15+01:00,
2024-12-04T04:30+01:00,
2024-12-04T04:45+01:00,
2024-12-04T05:00+01:00,
2024-12-04T05:15+01:00,
2024-12-04T05:30+01:00,
2024-12-04T05:45+01:00,
2024-12-04T06:00+01:00,
2024-12-04T06:15+01:00,
2024-12-04T06:30+01:00,
2024-12-04T06:45+01:00,
2024-12-04T07:00+01:00,
2024-12-04T07:15+01:00,
2024-12-04T07:30+01:00,
2024-12-04T07:45+01:00,
2024-12-04T08:00+01:00,
2024-12-04T08:15+01:00,
2024-12-04T08:30+01:00,
2024-12-04T08:45+01:00,
2024-12-04T09:00+01:00,
2024-12-04T09:15+01:00,
2024-12-04T09:30+01:00,
2024-12-04T09:45+01:00,
2024-12-04T10:00+01:00,
2024-12-04T10:15+01:00,
2024-12-04T10:30+01:00,
2024-12-04T10:45+01:00,
2024-12-04T11:00+01:00,
2024-12-04T11:15+01:00,
2024-12-04T11:30+01:00,
2024-12-04T11:45+01:00,
2024-12-04T12:00+01:00,
2024-12-04T12:15+01:00,
2024-12-04T12:30+01:00,
2024-12-04T12:45+01:00,
2024-12-04T13:00+01:00,
2024-12-04T13:15+01:00,
2024-12-04T13:30+01:00,
2024-12-04T13:45+01:00,
2024-12-04T14:00+01:00,
2024-12-04T14:15+01:00,
2024-12-04T14:30+01:00,
2024-12-04T14:45+01:00,
2024-12-04T15:00+01:00,
2024-12-04T15:15+01:00,
2024-12-04T15:30+01:00,
2024-12-04T15:45+01:00,
2024-12-04T16:00+01:00,
2024-12-04T16:15+01:00,
2024-12-04T16:30+01:00,
2024-12-04T16:45+01:00,
2024-12-04T17:00+01:00,
2024-12-04T17:15+01:00,
2024-12-04T17:30+01:00,
2024-12-04T17:45+01:00,
2024-12-04T18:00+01:00,
2024-12-04T18:15+01:00,
2024-12-04T18:30+01:00,
2024-12-04T18:45+01:00,
2024-12-04T19:00+01:00,
2024-12-04T19:15+01:00,
2024-12-04T19:30+01:00,
2024-12-04T19:45+01:00,
2024-12-04T20:00+01:00,
2024-12-04T20:15+01:00,
2024-12-04T20:30+01:00,
2024-12-04T20:45+01:00,
2024-12-04T21:00+01:00,
2024-12-04T21:15+01:00,
2024-12-04T21:30+01:00,
2024-12-04T21:45+01:00,
2024-12-04T22:00+01:00,
2024-12-04T22:15+01:00,
2024-12-04T22:30+01:00,
2024-12-04T22:45+01:00,
2024-12-04T23:00+01:00,-17.5
2024-12-04T23:15+01:00,-35
2024-12-04T23:30+01:00,-52.5
2024-12-04T23:45+01:00,-70
2024-12-05T00:00+01:00,-12.5
2024-12-05T00:15+01:00,-25
2024-12-05T00:30+01:00,-37.5
2024-12-05T00:45+01:00,-50
2024-12-05T01:00+01:00,-62.5
2024-12-05T01:15+01:00,-75
2024-12-05T01:30+01:00,-87.5
2024-12-05T01:45+01:00,-95
2024-12-05T02:00+01:00,-95
2024-12-05T02:15+01:00,-95
2024-12-05T02:30+01:00,-95
2024-12-05T02:45+01:00,-95
2024-12-05T03:00+01:00,-95
2024-12-05T03:15+01:00,-95
2024-12-05T03:30+01:00,-95
2024-12-05T03:45+01:00,-95
2024-12-05T04:00+01:00,-95
2024-12-05T04:15+01:00,-95
2024-12-05T04:30+01:00,-95
2024-12-05T04:45+01:00,-95
2024-12-05T05:00+01:00,-95
2024-12-05T05:15+01:00,-95
2024-12-05T05:30+01:00,-95
2024-12-05T05:45+01:00,-95
2024-12-05T06:00+01:00,-95
2024-12-05T06:15+01:00,-95
2024-12-05T06:30+01:00,-95
2024-12-05T06:45+01:00,-95
2024-12-05T07:00+01:00,-95
2024-12-05T07:15+01:00,-95
2024-12-05T07:30+01:00,-95
2024-12-05T07:45+01:00,-95
2024-12-05T08:00+01:00,-95
2024-12-05T08:15+01:00,-95
2024-12-05T08:30+01:00,-95
2024-12-05T08:45+01:00,-95
2024-12-05T09:00+01:00,-138.25
2024-12-05T09:15+01:00,-109.75
2024-12-05T09:30+01:00,-134.75
2024-12-05T09:45+01:00,-162.25
2024-12-05T10:00+01:00,-109.75
2024-12-05T10:15+01:00,-97.25
2024-12-05T10:30+01:00,-90
2024-12-05T10:45+01:00,-87.5
2024-12-05T11:00+01:00,-55
2024-12-05T11:15+01:00,-83.25
2024-12-05T11:30+01:00,-94
2024-12-05T11:45+01:00,-124
2024-12-05T12:00+01:00,-75.25
2024-12-05T12:15+01:00,-34.75
2024-12-05T12:30+01:00,-78
2024-12-05T12:45+01:00,-92.5
2024-12-05T13:00+01:00,-39.25
2024-12-05T13:15+01:00,-61.75
2024-12-05T13:30+01:00,-149.25
2024-12-05T13:45+01:00,-155.5
2024-12-05T14:00+01:00,-114
2024-12-05T14:15+01:00,-125.25
2024-12-05T14:30+01:00,-123.5
2024-12-05T14:45+01:00,-123.5
2024-12-05T15:00+01:00,-152.5
2024-12-05T15:15+01:00,-190
2024-12-05T15:30+01:00,-215
2024-12-05T15:45+01:00,-227.5
2024-12-05T16:00+01:00,-282.25
2024-12-05T16:15+01:00,-277.75
2024-12-05T16:30+01:00,-275.25
2024-12-05T16:45+01:00,-284.25
2024-12-05T17:00+01:00,-260.25
2024-12-05T17:15+01:00,-256.5
2024-12-05T17:30+01:00,-263.75
2024-12-05T17:45+01:00,-272.5
2024-12-05T18:00+01:00,-244.5
2024-12-05T18:15+01:00,-242.75
2024-12-05T18:30+01:00,-330.25
2024-12-05T18:45+01:00,-465.25
2024-12-05T19:00+01:00,-432.5
2024-12-05T19:15+01:00,-432.5
2024-12-05T19:30+01:00,-434.25
2024-12-05T19:45+01:00,-464.25
2024-12-05T20:00+01:00,-456
2024-12-05T20:15+01:00,-445.5
2024-12-05T20:30+01:00,-445.5
2024-12-05T20:45+01:00,-420.5
2024-12-05T21:00+01:00,-440
2024-12-05T21:15+01:00,-410
2024-12-05T21:30+01:00,-365
2024-12-05T21:45+01:00,-320
2024-12-05T22:00+01:00,-200.25
2024-12-05T22:15+01:00,-72.75
2024-12-05T22:30+01:00,-45.25
2024-12-05T22:45+01:00,-32.75
2024-12-05T23:00+01:00,-325.25
2024-12-05T23:15+01:00,-316.5
2024-12-05T23:30+01:00,-249
2024-12-05T23:45+01:00,-242.75
2024-12-06T00:00+01:00,-12.5
2024-12-06T00:15+01:00,-12.5
2024-12-06T00:30+01:00,-12.5
2024-12-06T00:45+01:00,-12.5
2024-12-06T01:00+01:00,-12.5
2024-12-06T01:15+01:00,-12.5
2024-12-06T01:30+01:00,-12.5
2024-12-06T01:45+01:00,-12.5
2024-12-06T02:00+01:00,-12.5
2024-12-06T02:15+01:00,-12.5
2024-12-06T02:30+01:00,-12.5
2024-12-06T02:45+01:00,-12.5
2024-12-06T03:00+01:00,-12.5
2024-12-06T03:15+01:00,-12.5
2024-12-06T03:30+01:00,-12.5
2024-12-06T03:45+01:00,-12.5
2024-12-06T04:00+01:00,-12.5
2024-12-06T04:15+01:00,-12.5
2024-12-06T04:30+01:00,-12.5
2024-12-06T04:45+01:00,-12.5
2024-12-06T05:00+01:00,-12.5
2024-12-06T05:15+01:00,-12.5
2024-12-06T05:30+01:00,-32.5
2024-12-06T05:45+01:00,-32.5
2024-12-06T06:00+01:00,-32.5
2024-12-06T06:15+01:00,-32.5
2024-12-06T06:30+01:00,-42.5
2024-12-06T06:45+01:00,-98.5
2024-12-06T07:00+01:00,-41.5
2024-12-06T07:15+01:00,-52.75
2024-12-06T07:30+01:00,-53.25
2024-12-06T07:45+01:00,-68.25
2024-12-06T08:00+01:00,-83.25
2024-12-06T08:15+01:00,-98.25
2024-12-06T08:30+01:00,-107.5
2024-12-06T08:45+01:00,-101
2024-12-06T09:00+01:00,-87.25
2024-12-06T09:15+01:00,-66.75
2024-12-06T09:30+01:00,-57.5
2024-12-06T09:45+01:00,-57.5
2024-12-06T10:00+01:00,-57.5
2024-12-06T10:15+01:00,-57.5
2024-12-06T10:30+01:00,-57.5
2024-12-06T10:45+01:00,-57.5
2024-12-06T11:00+01:00,-67.5
2024-12-06T11:15+01:00,-77.5
2024-12-06T11:30+01:00,-77.5
2024-12-06T11:45+01:00,-77.5
2024-12-06T12:00+01:00,-77.5
2024-12-06T12:15+01:00,-77.5
2024-12-06T12:30+01:00,-87.5
2024-12-06T12:45+01:00,-107.5
2024-12-06T13:00+01:00,-130
2024-12-06T13:15+01:00,-140
2024-12-06T13:30+01:00,-140
2024-12-06T13:45+01:00,-140
2024-12-06T14:00+01:00,-140
2024-12-06T14:15+01:00,-140
2024-12-06T14:30+01:00,-140
2024-12-06T14:45+01:00,-140
2024-12-06T15:00+01:00,-140
2024-12-06T15:15+01:00,-130
2024-12-06T15:30+01:00,-112.5
2024-12-06T15:45+01:00,-102.5
2024-12-06T16:00+01:00,-102.5
2024-12-06T16:15+01:00,-95
2024-12-06T16:30+01:00,-80
2024-12-06T16:45+01:00,-55
2024-12-06T17:00+01:00,-40
2024-12-06T17:15+01:00,-22.5
2024-12-06T17:30+01:00,-22.5
2024-12-06T17:45+01:00,-22.5
2024-12-06T18:00+01:00,-22.5
2024-12-06T18:15+01:00,-22.5
2024-12-06T18:30+01:00,-22.5
2024-12-06T18:45+01:00,-22.5
2024-12-06T19:00+01:00,-22.5
2024-12-06T19:15+01:00,-22.5
2024-12-06T19:30+01:00,-22.5
2024-12-06T19:45+01:00,-22.5
2024-12-06T20:00+01:00,-22.5
2024-12-06T20:15+01:00,-22.5
2024-12-06T20:30+01:00,-22.5
2024-12-06T20:45+01:00,-22.5
2024-12-06T21:00+01:00,-22.5
2024-12-06T21:15+01:00,-22.5
2024-12-06T21:30+01:00,-22.5
2024-12-06T21:45+01:00,-22.5
2024-12-06T22:00+01:00,-22.5
2024-12-06T22:15+01:00,-22.5
2024-12-06T22:30+01:00,-22.5
2024-12-06T22:45+01:00,-22.5
2024-12-06T23:00+01:00,-22.5
2024-12-06T23:15+01:00,-22.5
2024-12-06T23:30+01:00,-22.5
2024-12-06T23:45+01:00,-22.5
2024-12-07T00:00+01:00,
2024-12-07T00:15+01:00,
2024-12-07T00:30+01:00,
2024-12-07T00:45+01:00,
2024-12-07T01:00+01:00,
2024-12-07T01:15+01:00,
2024-12-07T01:30+01:00,
2024-12-07T01:45+01:00,
2024-12-07T02:00+01:00,
2024-12-07T02:15+01:00,
2024-12-07T02:30+01:00,
2024-12-07T02:45+01:00,
2024-12-07T03:00+01:00,
2024-12-07T03:15+01:00,
2024-12-07T03:30+01:00,
2024-12-07T03:45+01:00,-34.75
2024-12-07T04:00+01:00,-98.75
2024-12-07T04:15+01:00,-98.75
2024-12-07T04:30+01:00,-98.75
2024-12-07T04:45+01:00,-98.75
2024-12-07T05:00+01:00,-88.25
2024-12-07T05:15+01:00,-88.25
2024-12-07T05:30+01:00,-117.75
2024-12-07T05:45+01:00,-130.25
2024-12-07T06:00+01:00,-50.25
2024-12-07T06:15+01:00,-60.25
2024-12-07T06:30+01:00,-60.25
2024-12-07T06:45+01:00,-60.25
2024-12-07T07:00+01:00,-36.75
2024-12-07T07:15+01:00,-65.25
2024-12-07T07:30+01:00,-68.75
2024-12-07T07:45+01:00,-68.75
2024-12-07T08:00+01:00,-83.25
2024-12-07T08:15+01:00,-74.75
2024-12-07T08:30+01:00,-104.25
2024-12-07T08:45+01:00,-134.25
2024-12-07T09:00+01:00,-55.25
2024-12-07T09:15+01:00,-55.25
2024-12-07T09:30+01:00,-49
2024-12-07T09:45+01:00,-49
2024-12-07T10:00+01:00,-26.75
2024-12-07T10:15+01:00,-26.75
2024-12-07T10:30+01:00,-26.75
2024-12-07T10:45+01:00,-26.75
2024-12-07T11:00+01:00,-23.25
2024-12-07T11:15+01:00,-23.25
2024-12-07T11:30+01:00,-23.25
2024-12-07T11:45+01:00,-23.25
2024-12-07T12:00+01:00,-23.25
2024-12-07T12:15+01:00,-22.5
2024-12-07T12:30+01:00,-22.5
2024-12-07T12:45+01:00,-22.5
2024-12-07T13:00+01:00,-20
2024-12-07T13:15+01:00,-20
2024-12-07T13:30+01:00,-20
2024-12-07T13:45+01:00,-20
2024-12-07T14:00+01:00,-12.5
2024-12-07T14:15+01:00,-12.5
2024-12-07T14:30+01:00,-12.5
2024-12-07T14:45+01:00,-12.5
2024-12-07T15:00+01:00,-13.75
2024-12-07T15:15+01:00,-13.75
2024-12-07T15:30+01:00,-13.75
2024-12-07T15:45+01:00,-13.75
2024-12-07T16:00+01:00,-12.5
2024-12-07T16:15+01:00,-12.5
2024-12-07T16:30+01:00,-12.5
2024-12-07T16:45+01:00,-12.5
2024-12-07T17:00+01:00,-12.5
2024-12-07T17:15+01:00,-12.5
2024-12-07T17:30+01:00,-12.5
2024-12-07T17:45+01:00,-12.5
2024-12-07T18:00+01:00,-12.5
2024-12-07T18:15+01:00,-12.5
2024-12-07T18:30+01:00,-12.5
2024-12-07T18:45+01:00,-12.5
2024-12-07T19:00+01:00,
2024-12-07T19:15+01:00,
2024-12-07T19:30+01:00,
2024-12-07T19:45+01:00,
2024-12-07T20:00+01:00,
2024-12-07T20:15+01:00,
2024-12-07T20:30+01:00,
2024-12-07T20:45+01:00,
2024-12-07T21:00+01:00,
2024-12-07T21:15+01:00,
2024-12-07T21:30+01:00,
2024-12-07T21:45+01:00,
2024-12-07T22:00+01:00,
2024-12-07T22:15+01:00,
2024-12-07T22:30+01:00,
2024-12-07T22:45+01:00,
2024-12-07T23:00+01:00,
2024-12-07T23:15+01:00,
2024-12-07T23:30+01:00,
2024-12-07T23:45+01:00,
2024-12-08T00:00+01:00,
2024-12-08T00:15+01:00,
2024-12-08T00:30+01:00,
2024-12-08T00:45+01:00,
2024-12-08T01:00+01:00,
2024-12-08T01:15+01:00,
2024-12-08T01:30+01:00,
2024-12-08T01:45+01:00,
2024-12-08T02:00+01:00,
2024-12-08T02:15+01:00,
2024-12-08T02:30+01:00,
2024-12-08T02:45+01:00,
2024-12-08T03:00+01:00,
2024-12-08T03:15+01:00,
2024-12-08T03:30+01:00,
2024-12-08T03:45+01:00,
2024-12-08T04:00+01:00,
2024-12-08T04:15+01:00,
2024-12-08T04:30+01:00,
2024-12-08T04:45+01:00,
2024-12-08T05:00+01:00,
2024-12-08T05:15+01:00,
2024-12-08T05:30+01:00,
2024-12-08T05:45+01:00,
2024-12-08T06:00+01:00,
2024-12-08T06:15+01:00,
2024-12-08T06:30+01:00,
2024-12-08T06:45+01:00,
2024-12-08T07:00+01:00,
2024-12-08T07:15+01:00,
2024-12-08T07:30+01:00,
2024-12-08T07:45+01:00,
2024-12-08T08:00+01:00,
2024-12-08T08:15+01:00,
2024-12-08T08:30+01:00,
2024-12-08T08:45+01:00,
2024-12-08T09:00+01:00,
2024-12-08T09:15+01:00,
2024-12-08T09:30+01:00,
2024-12-08T09:45+01:00,
2024-12-08T10:00+01:00,
2024-12-08T10:15+01:00,
2024-12-08T10:30+01:00,
2024-12-08T10:45+01:00,
2024-12-08T11:00+01:00,
2024-12-08T11:15+01:00,
2024-12-08T11:30+01:00,
2024-12-08T11:45+01:00,
2024-12-08T12:00+01:00,
2024-12-08T12:15+01:00,
2024-12-08T12:30+01:00,
2024-12-08T12:45+01:00,
2024-12-08T13:00+01:00,
2024-12-08T13:15+01:00,
2024-12-08T13:30+01:00,
2024-12-08T13:45+01:00,
2024-12-08T14:00+01:00,
2024-12-08T14:15+01:00,
2024-12-08T14:30+01:00,
2024-12-08T14:45+01:00,
2024-12-08T15:00+01:00,
2024-12-08T15:15+01:00,
2024-12-08T15:30+01:00,
2024-12-08T15:45+01:00,
2024-12-08T16:00+01:00,
2024-12-08T16:15+01:00,
2024-12-08T16:30+01:00,
2024-12-08T16:45+01:00,-12.5
2024-12-08T17:00+01:00,-12.5
2024-12-08T17:15+01:00,-12.5
2024-12-08T17:30+01:00,-12.5
2024-12-08T17:45+01:00,-12.5
2024-12-08T18:00+01:00,-12.5
2024-12-08T18:15+01:00,-12.5
2024-12-08T18:30+01:00,-12.5
2024-12-08T18:45+01:00,-12.5
2024-12-08T19:00+01:00,-12.5
2024-12-08T19:15+01:00,-12.5
2024-12-08T19:30+01:00,-12.5
2024-12-08T19:45+01:00,-12.5
2024-12-08T20:00+01:00,-12.5
2024-12-08T20:15+01:00,-12.5
2024-12-08T20:30+01:00,-12.5
2024-12-08T20:45+01:00,-12.5
2024-12-08T21:00+01:00,-12.5
2024-12-08T21:15+01:00,-12.5
2024-12-08T21:30+01:00,-12.5
2024-12-08T21:45+01:00,-12.5
2024-12-08T22:00+01:00,-12.5
2024-12-08T22:15+01:00,-12.5
2024-12-08T22:30+01:00,-12.5
2024-12-08T22:45+01:00,-12.5
2024-12-08T23:00+01:00,-20.25
2024-12-08T23:15+01:00,-20.25
2024-12-08T23:30+01:00,-27.75
2024-12-08T23:45+01:00,-27.75
2024-12-09T00:00+01:00,-24.75
2024-12-09T00:15+01:00,-24.75
2024-12-09T00:30+01:00,-24.75
2024-12-09T00:45+01:00,-24.75
2024-12-09T01:00+01:00,-49.5
2024-12-09T01:15+01:00,-67
2024-12-09T01:30+01:00,-67
2024-12-09T01:45+01:00,-52.25
2024-12-09T02:00+01:00,-37.25
2024-12-09T02:15+01:00,-27.25
2024-12-09T02:30+01:00,-24.75
2024-12-09T02:45+01:00,-24.75
2024-12-09T03:00+01:00,-24.75
2024-12-09T03:15+01:00,-34
2024-12-09T03:30+01:00,-27.25
2024-12-09T03:45+01:00,-20.25
2024-12-09T04:00+01:00,-26.75
2024-12-09T04:15+01:00,-20
2024-12-09T04:30+01:00,-35.5
2024-12-09T04:45+01:00,-114.83475
2024-12-09T05:00+01:00,-208.49775
2024-12-09T05:15+01:00,-218.55775
2024-12-09T05:30+01:00,-235.32825
2024-12-09T05:45+01:00,-246.07075
2024-12-09T06:00+01:00,-289.31775
2024-12-09T06:15+01:00,-324.64575
2024-12-09T06:30+01:00,-440.09175
2024-12-09T06:45+01:00,-483.4885
2024-12-09T07:00+01:00,-588.5495
2024-12-09T07:15+01:00,-590.82525
2024-12-09T07:30+01:00,-767.823
2024-12-09T07:45+01:00,-744.743
2024-12-09T08:00+01:00,-648.45
2024-12-09T08:15+01:00,-758.922
2024-12-09T08:30+01:00,-759.168
2024-12-09T08:45+01:00,-759.38275
2024-12-09T09:00+01:00,-651.194
2024-12-09T09:15+01:00,-674.53825
2024-12-09T09:30+01:00,-680.39025
2024-12-09T09:45+01:00,-678.765
2024-12-09T10:00+01:00,-640.3385
2024-12-09T10:15+01:00,-637.90725
2024-12-09T10:30+01:00,-635.524
2024-12-09T10:45+01:00,-633.2415
2024-12-09T11:00+01:00,-670.3955
2024-12-09T11:15+01:00,-668.036
2024-12-09T11:30+01:00,-665.64475
2024-12-09T11:45+01:00,-663.20525
2024-12-09T12:00+01:00,-635.8825
2024-12-09T12:15+01:00,-636.245
2024-12-09T12:30+01:00,-636.54075
2024-12-09T12:45+01:00,-636.8475
2024-12-09T13:00+01:00,-579.43175
2024-12-09T13:15+01:00,-580.011
2024-12-09T13:30+01:00,-580.66475
2024-12-09T13:45+01:00,-581.28125
2024-12-09T14:00+01:00,-556.4065
2024-12-09T14:15+01:00,-556.66875
2024-12-09T14:30+01:00,-556.92275
2024-12-09T14:45+01:00,-557.20825
2024-12-09T15:00+01:00,-504.75
2024-12-09T15:15+01:00,-504.75
2024-12-09T15:30+01:00,-504.75
2024-12-09T15:45+01:00,-504.75
2024-12-09T16:00+01:00,-404
2024-12-09T16:15+01:00,-404
2024-12-09T16:30+01:00,-404
2024-12-09T16:45+01:00,-404
2024-12-09T17:00+01:00,-332.75
2024-12-09T17:15+01:00,-332.75
2024-12-09T17:30+01:00,-332.75
2024-12-09T17:45+01:00,-332.75
2024-12-09T18:00+01:00,-215
2024-12-09T18:15+01:00,-165
2024-12-09T18:30+01:00,-215
2024-12-09T18:45+01:00,-215
2024-12-09T19:00+01:00,-197.5
2024-12-09T19:15+01:00,-197.5
2024-12-09T19:30+01:00,-197.5
2024-12-09T19:45+01:00,-197.5
2024-12-09T20:00+01:00,-190
2024-12-09T20:15+01:00,-190
2024-12-09T20:30+01:00,-190
2024-12-09T20:45+01:00,-190
2024-12-09T21:00+01:00,-198
2024-12-09T21:15+01:00,-198
2024-12-09T21:30+01:00,-198
2024-12-09T21:45+01:00,-198
2024-12-09T22:00+01:00,-190
2024-12-09T22:15+01:00,-190
2024-12-09T22:30+01:00,-190
2024-12-09T22:45+01:00,-190
2024-12-09T23:00+01:00,-32.5
2024-12-09T23:15+01:00,-32.5
2024-12-09T23:30+01:00,-32.5
2024-12-09T23:45+01:00,-32.5
2024-12-10T00:00+01:00,-349.5
2024-12-10T00:15+01:00,-349.5
2024-12-10T00:30+01:00,-349.5
2024-12-10T00:45+01:00,-349.5
2024-12-10T01:00+01:00,-299.5
2024-12-10T01:15+01:00,-299.5
2024-12-10T01:30+01:00,-299.5
2024-12-10T01:45+01:00,-299.5
2024-12-10T02:00+01:00,-274.5
2024-12-10T02:15+01:00,-274.5
2024-12-10T02:30+01:00,-274.5
2024-12-10T02:45+01:00,-274.5
2024-12-10T03:00+01:00,-274.5
2024-12-10T03:15+01:00,-274.5
2024-12-10T03:30+01:00,-274.5
2024-12-10T03:45+01:00,-274.5
2024-12-10T04:00+01:00,-249.5
2024-12-10T04:15+01:00,-249.5
2024-12-10T04:30+01:00,-249.5
2024-12-10T04:45+01:00,-249.5
2024-12-10T05:00+01:00,-174.5
2024-12-10T05:15+01:00,-156.75
2024-12-10T05:30+01:00,-159
2024-12-10T05:45+01:00,-159
2024-12-10T06:00+01:00,-97.5
2024-12-10T06:15+01:00,-105.5
2024-12-10T06:30+01:00,-105.5
2024-12-10T06:45+01:00,-88.75
2024-12-10T07:00+01:00,-93.5
2024-12-10T07:15+01:00,-72.25
2024-12-10T07:30+01:00,-55
2024-12-10T07:45+01:00,-55
2024-12-10T08:00+01:00,-42.5
2024-12-10T08:15+01:00,-42.5
2024-12-10T08:30+01:00,-42.5
2024-12-10T08:45+01:00,-50
2024-12-10T09:00+01:00,-12.5
2024-12-10T09:15+01:00,-12.5
2024-12-10T09:30+01:00,-12.5
2024-12-10T09:45+01:00,-12.5
2024-12-10T10:00+01:00,-12.5
2024-12-10T10:15+01:00,-12.5
2024-12-10T10:30+01:00,-12.5
2024-12-10T10:45+01:00,-12.5
2024-12-10T11:00+01:00,-12.5
2024-12-10T11:15+01:00,-12.5
2024-12-10T11:30+01:00,-12.5
2024-12-10T11:45+01:00,-12.5
2024-12-10T12:00+01:00,-12.5
2024-12-10T12:15+01:00,-12.5
2024-12-10T12:30+01:00,-12.5
2024-12-10T12:45+01:00,-12.5
2024-12-10T13:00+01:00,-12.5
2024-12-10T13:15+01:00,-12.5
2024-12-10T13:30+01:00,-12.5
2024-12-10T13:45+01:00,-12.5
2024-12-10T14:00+01:00,-12.5
2024-12-10T14:15+01:00,-12.5
2024-12-10T14:30+01:00,-12.5
2024-12-10T14:45+01:00,-12.5
2024-12-10T15:00+01:00,-12.5
2024-12-10T15:15+01:00,-12.5
2024-12-10T15:30+01:00,-12.5
2024-12-10T15:45+01:00,-12.5
2024-12-10T16:00+01:00,-12.5
2024-12-10T16:15+01:00,-12.5
2024-12-10T16:30+01:00,-12.5
2024-12-10T16:45+01:00,-12.5
2024-12-10T17:00+01:00,-12.5
2024-12-10T17:15+01:00,-12.5
2024-12-10T17:30+01:00,-12.5
2024-12-10T17:45+01:00,-12.5
2024-12-10T18:00+01:00,-12.5
2024-12-10T18:15+01:00,-12.5
2024-12-10T18:30+01:00,-12.5
2024-12-10T18:45+01:00,-12.5
2024-12-10T19:00+01:00,-12.5
2024-12-10T19:15+01:00,-12.5
2024-12-10T19:30+01:00,-12.5
2024-12-10T19:45+01:00,-12.5
2024-12-10T20:00+01:00,-12.5
2024-12-10T20:15+01:00,-12.5
2024-12-10T20:30+01:00,-12.5
2024-12-10T20:45+01:00,-12.5
2024-12-10T21:00+01:00,-12.5
2024-12-10T21:15+01:00,-12.5
2024-12-10T21:30+01:00,-12.5
2024-12-10T21:45+01:00,-12.5
2024-12-10T22:00+01:00,-12.5
2024-12-10T22:15+01:00,-12.5
2024-12-10T22:30+01:00,-12.5
2024-12-10T22:45+01:00,-12.5
2024-12-10T23:00+01:00,-12.5
2024-12-10T23:15+01:00,-12.5
2024-12-10T23:30+01:00,-12.5
2024-12-10T23:45+01:00,-12.5
2024-12-11T00:00+01:00,
2024-12-11T00:15+01:00,
2024-12-11T00:30+01:00,
2024-12-11T00:45+01:00,
2024-12-11T01:00+01:00,
2024-12-11T01:15+01:00,
2024-12-11T01:30+01:00,
2024-12-11T01:45+01:00,
2024-12-11T02:00+01:00,
2024-12-11T02:15+01:00,
2024-12-11T02:30+01:00,
2024-12-11T02:45+01:00,
2024-12-11T03:00+01:00,
2024-12-11T03:15+01:00,
2024-12-11T03:30+01:00,
2024-12-11T03:45+01:00,
2024-12-11T04:00+01:00,
2024-12-11T04:15+01:00,
2024-12-11T04:30+01:00,
2024-12-11T04:45+01:00,
2024-12-11T05:00+01:00,
2024-12-11T05:15+01:00,
2024-12-11T05:30+01:00,
2024-12-11T05:45+01:00,
2024-12-11T06:00+01:00,
2024-12-11T06:15+01:00,
2024-12-11T06:30+01:00,
2024-12-11T06:45+01:00,
2024-12-11T07:00+01:00,
2024-12-11T07:15+01:00,
2024-12-11T07:30+01:00,
2024-12-11T07:45+01:00,
2024-12-11T08:00+01:00,
2024-12-11T08:15+01:00,
2024-12-11T08:30+01:00,
2024-12-11T08:45+01:00,
2024-12-11T09:00+01:00,
2024-12-11T09:15+01:00,
2024-12-11T09:30+01:00,
2024-12-11T09:45+01:00,
2024-12-11T10:00+01:00,
2024-12-11T10:15+01:00,
2024-12-11T10:30+01:00,
2024-12-11T10:45+01:00,
2024-12-11T11:00+01:00,
2024-12-11T11:15+01:00,
2024-12-11T11:30+01:00,
2024-12-11T11:45+01:00,
2024-12-11T12:00+01:00,
2024-12-11T12:15+01:00,
2024-12-11T12:30+01:00,
2024-12-11T12:45+01:00,
2024-12-11T13:00+01:00,
2024-12-11T13:15+01:00,
2024-12-11T13:30+01:00,
2024-12-11T13:45+01:00,
2024-12-11T14:00+01:00,
2024-12-11T14:15+01:00,
2024-12-11T14:30+01:00,
2024-12-11T14:45+01:00,
2024-12-11T15:00+01:00,
2024-12-11T15:15+01:00,
2024-12-11T15:30+01:00,
2024-12-11T15:45+01:00,
2024-12-11T16:00+01:00,
2024-12-11T16:15+01:00,
2024-12-11T16:30+01:00,
2024-12-11T16:45+01:00,
2024-12-11T17:00+01:00,
2024-12-11T17:15+01:00,
2024-12-11T17:30+01:00,
2024-12-11T17:45+01:00,
2024-12-11T18:00+01:00,
2024-12-11T18:15+01:00,
2024-12-11T18:30+01:00,
2024-12-11T18:45+01:00,
2024-12-11T19:00+01:00,
2024-12-11T19:15+01:00,
2024-12-11T19:30+01:00,
2024-12-11T19:45+01:00,
2024-12-11T20:00+01:00,
2024-12-11T20:15+01:00,
2024-12-11T20:30+01:00,
2024-12-11T20:45+01:00,
2024-12-11T21:00+01:00,
2024-12-11T21:15+01:00,
2024-12-11T21:30+01:00,
2024-12-11T21:45+01:00,
2024-12-11T22:00+01:00,
2024-12-11T22:15+01:00,
2024-12-11T22:30+01:00,
2024-12-11T22:45+01:00,
2024-12-11T23:00+01:00,
2024-12-11T23:15+01:00,
2024-12-11T23:30+01:00,
2024-12-11T23:45+01:00,
2024-12-12T00:00+01:00,
2024-12-12T00:15+01:00,
2024-12-12T00:30+01:00,
2024-12-12T00:45+01:00,
2024-12-12T01:00+01:00,
2024-12-12T01:15+01:00,
2024-12-12T01:30+01:00,
2024-12-12T01:45+01:00,
2024-12-12T02:00+01:00,
2024-12-12T02:15+01:00,
2024-12-12T02:30+01:00,
2024-12-12T02:45+01:00,
2024-12-12T03:00+01:00,
2024-12-12T03:15+01:00,
2024-12-12T03:30+01:00,
2024-12-12T03:45+01:00,
2024-12-12T04:00+01:00,
2024-12-12T04:15+01:00,
2024-12-12T04:30+01:00,
2024-12-12T04:45+01:00,
2024-12-12T05:00+01:00,
2024-12-12T05:15+01:00,
2024-12-12T05:30+01:00,
2024-12-12T05:45+01:00,
2024-12-12T06:00+01:00,
2024-12-12T06:15+01:00,
2024-12-12T06:30+01:00,
2024-12-12T06:45+01:00,
2024-12-12T07:00+01:00,
2024-12-12T07:15+01:00,
2024-12-12T07:30+01:00,
2024-12-12T07:45+01:00,
2024-12-12T08:00+01:00,
2024-12-12T08:15+01:00,
2024-12-12T08:30+01:00,
2024-12-12T08:45+01:00,
2024-12-12T09:00+01:00,
2024-12-12T09:15+01:00,
2024-12-12T09:30+01:00,
2024-12-12T09:45+01:00,
2024-12-12T10:00+01:00,
2024-12-12T10:15+01:00,
2024-12-12T10:30+01:00,
2024-12-12T10:45+01:00,
2024-12-12T11:00+01:00,
2024-12-12T11:15+01:00,
2024-12-12T11:30+01:00,
2024-12-12T11:45+01:00,
2024-12-12T12:00+01:00,
2024-12-12T12:15+01:00,
2024-12-12T12:30+01:00,
2024-12-12T12:45+01:00,
2024-12-12T13:00+01:00,
2024-12-12T13:15+01:00,
2024-12-12T13:30+01:00,
2024-12-12T13:45+01:00,
2024-12-12T14:00+01:00,
2024-12-12T14:15+01:00,
2024-12-12T14:30+01:00,
2024-12-12T14:45+01:00,
2024-12-12T15:00+01:00,
2024-12-12T15:15+01:00,
2024-12-12T15:30+01:00,
2024-12-12T15:45+01:00,
2024-12-12T16:00+01:00,
2024-12-12T16:15+01:00,
2024-12-12T16:30+01:00,
2024-12-12T16:45+01:00,
2024-12-12T17:00+01:00,
2024-12-12T17:15+01:00,
2024-12-12T17:30+01:00,
2024-12-12T17:45+01:00,
2024-12-12T18:00+01:00,
2024-12-12T18:15+01:00,
2024-12-12T18:30+01:00,
2024-12-12T18:45+01:00,
2024-12-12T19:00+01:00,
2024-12-12T19:15+01:00,
2024-12-12T19:30+01:00,
2024-12-12T19:45+01:00,
2024-12-12T20:00+01:00,
2024-12-12T20:15+01:00,
2024-12-12T20:30+01:00,
2024-12-12T20:45+01:00,
2024-12-12T21:00+01:00,
2024-12-12T21:15+01:00,
2024-12-12T21:30+01:00,
2024-12-12T21:45+01:00,
2024-12-12T22:00+01:00,
2024-12-12T22:15+01:00,
2024-12-12T22:30+01:00,
2024-12-12T22:45+01:00,
2024-12-12T23:00+01:00,
2024-12-12T23:15+01:00,
2024-12-12T23:30+01:00,
2024-12-12T23:45+01:00,
2024-12-13T00:00+01:00,
2024-12-13T00:15+01:00,
2024-12-13T00:30+01:00,
2024-12-13T00:45+01:00,
2024-12-13T01:00+01:00,
2024-12-13T01:15+01:00,
2024-12-13T01:30+01:00,
2024-12-13T01:45+01:00,
2024-12-13T02:00+01:00,
2024-12-13T02:15+01:00,
2024-12-13T02:30+01:00,
2024-12-13T02:45+01:00,
2024-12-13T03:00+01:00,
2024-12-13T03:15+01:00,
2024-12-13T03:30+01:00,
2024-12-13T03:45+01:00,
2024-12-13T04:00+01:00,
2024-12-13T04:15+01:00,
2024-12-13T04:30+01:00,
2024-12-13T04:45+01:00,
2024-12-13T05:00+01:00,
2024-12-13T05:15+01:00,
2024-12-13T05:30+01:00,
2024-12-13T05:45+01:00,
2024-12-13T06:00+01:00,
2024-12-13T06:15+01:00,
2024-12-13T06:30+01:00,
2024-12-13T06:45+01:00,
2024-12-13T07:00+01:00,
2024-12-13T07:15+01:00,
2024-12-13T07:30+01:00,
2024-12-13T07:45+01:00,
2024-12-13T08:00+01:00,
2024-12-13T08:15+01:00,
2024-12-13T08:30+01:00,
2024-12-13T08:45+01:00,
2024-12-13T09:00+01:00,
2024-12-13T09:15+01:00,
2024-12-13T09:30+01:00,
2024-12-13T09:45+01:00,
2024-12-13T10:00+01:00,
2024-12-13T10:15+01:00,
2024-12-13T10:30+01:00,
2024-12-13T10:45+01:00,
2024-12-13T11:00+01:00,
2024-12-13T11:15+01:00,
2024-12-13T11:30+01:00,
2024-12-13T11:45+01:00,
2024-12-13T12:00+01:00,
2024-12-13T12:15+01:00,
2024-12-13T12:30+01:00,
2024-12-13T12:45+01:00,
2024-12-13T13:00+01:00,
2024-12-13T13:15+01:00,
2024-12-13T13:30+01:00,
2024-12-13T13:45+01:00,
2024-12-13T14:00+01:00,
2024-12-13T14:15+01:00,
2024-12-13T14:30+01:00,
2024-12-13T14:45+01:00,
2024-12-13T15:00+01:00,
2024-12-13T15:15+01:00,
2024-12-13T15:30+01:00,
2024-12-13T15:45+01:00,
2024-12-13T16:00+01:00,
2024-12-13T16:15+01:00,
2024-12-13T16:30+01:00,
2024-12-13T16:45+01:00,
2024-12-13T17:00+01:00,
2024-12-13T17:15+01:00,
2024-12-13T17:30+01:00,
2024-12-13T17:45+01:00,
2024-12-13T18:00+01:00,
2024-12-13T18:15+01:00,
2024-12-13T18:30+01:00,
2024-12-13T18:45+01:00,
2024-12-13T19:00+01:00,
2024-12-13T19:15+01:00,
2024-12-13T19:30+01:00,
2024-12-13T19:45+01:00,
2024-12-13T20:00+01:00,
2024-12-13T20:15+01:00,
2024-12-13T20:30+01:00,
2024-12-13T20:45+01:00,
2024-12-13T21:00+01:00,
2024-12-13T21:15+01:00,
2024-12-13T21:30+01:00,
2024-12-13T21:45+01:00,
2024-12-13T22:00+01:00,
2024-12-13T22:15+01:00,
2024-12-13T22:30+01:00,
2024-12-13T22:45+01:00,
2024-12-13T23:00+01:00,
2024-12-13T23:15+01:00,
2024-12-13T23:30+01:00,
2024-12-13T23:45+01:00,
2024-12-14T00:00+01:00,
2024-12-14T00:15+01:00,
2024-12-14T00:30+01:00,
2024-12-14T00:45+01:00,
2024-12-14T01:00+01:00,
2024-12-14T01:15+01:00,
2024-12-14T01:30+01:00,
2024-12-14T01:45+01:00,
2024-12-14T02:00+01:00,
2024-12-14T02:15+01:00,
2024-12-14T02:30+01:00,
2024-12-14T02:45+01:00,
2024-12-14T03:00+01:00,
2024-12-14T03:15+01:00,
2024-12-14T03:30+01:00,
2024-12-14T03:45+01:00,
2024-12-14T04:00+01:00,
2024-12-14T04:15+01:00,
2024-12-14T04:30+01:00,
2024-12-14T04:45+01:00,
2024-12-14T05:00+01:00,
2024-12-14T05:15+01:00,
2024-12-14T05:30+01:00,
2024-12-14T05:45+01:00,
2024-12-14T06:00+01:00,
2024-12-14T06:15+01:00,
2024-12-14T06:30+01:00,
2024-12-14T06:45+01:00,
2024-12-14T07:00+01:00,
2024-12-14T07:15+01:00,
2024-12-14T07:30+01:00,
2024-12-14T07:45+01:00,
2024-12-14T08:00+01:00,
2024-12-14T08:15+01:00,
2024-12-14T08:30+01:00,
2024-12-14T08:45+01:00,
2024-12-14T09:00+01:00,
2024-12-14T09:15+01:00,
2024-12-14T09:30+01:00,
2024-12-14T09:45+01:00,
2024-12-14T10:00+01:00,
2024-12-14T10:15+01:00,
2024-12-14T10:30+01:00,
2024-12-14T10:45+01:00,
2024-12-14T11:00+01:00,
2024-12-14T11:15+01:00,
2024-12-14T11:30+01:00,
2024-12-14T11:45+01:00,
2024-12-14T12:00+01:00,
2024-12-14T12:15+01:00,
2024-12-14T12:30+01:00,
2024-12-14T12:45+01:00,
2024-12-14T13:00+01:00,
2024-12-14T13:15+01:00,
2024-12-14T13:30+01:00,
2024-12-14T13:45+01:00,
2024-12-14T14:00+01:00,
2024-12-14T14:15+01:00,
2024-12-14T14:30+01:00,
2024-12-14T14:45+01:00,
2024-12-14T15:00+01:00,
2024-12-14T15:15+01:00,
2024-12-14T15:30+01:00,
2024-12-14T15:45+01:00,
2024-12-14T16:00+01:00,
2024-12-14T16:15+01:00,
2024-12-14T16:30+01:00,
2024-12-14T16:45+01:00,
2024-12-14T17:00+01:00,
2024-12-14T17:15+01:00,
2024-12-14T17:30+01:00,
2024-12-14T17:45+01:00,
2024-12-14T18:00+01:00,
2024-12-14T18:15+01:00,
2024-12-14T18:30+01:00,
2024-12-14T18:45+01:00,
2024-12-14T19:00+01:00,
2024-12-14T19:15+01:00,
2024-12-14T19:30+01:00,
2024-12-14T19:45+01:00,
2024-12-14T20:00+01:00,
2024-12-14T20:15+01:00,
2024-12-14T20:30+01:00,
2024-12-14T20:45+01:00,
2024-12-14T21:00+01:00,
2024-12-14T21:15+01:00,
2024-12-14T21:30+01:00,
2024-12-14T21:45+01:00,
2024-12-14T22:00+01:00,
2024-12-14T22:15+01:00,
2024-12-14T22:30+01:00,
2024-12-14T22:45+01:00,
2024-12-14T23:00+01:00,-125
2024-12-14T23:15+01:00,-125
2024-12-14T23:30+01:00,-125
2024-12-14T23:45+01:00,-125
2024-12-15T00:00+01:00,-300.75
2024-12-15T00:15+01:00,-300.75
2024-12-15T00:30+01:00,-300.75
2024-12-15T00:45+01:00,-300.75
2024-12-15T01:00+01:00,-273.75
2024-12-15T01:15+01:00,-273.75
2024-12-15T01:30+01:00,-273.75
2024-12-15T01:45+01:00,-273.75
2024-12-15T02:00+01:00,-446.5
2024-12-15T02:15+01:00,-467.25
2024-12-15T02:30+01:00,-479.75
2024-12-15T02:45+01:00,-489.75
2024-12-15T03:00+01:00,-347.25
2024-12-15T03:15+01:00,-347.25
2024-12-15T03:30+01:00,-347.25
2024-12-15T03:45+01:00,-347.25
2024-12-15T04:00+01:00,-295.42925
2024-12-15T04:15+01:00,-300.5
2024-12-15T04:30+01:00,-300.5
2024-12-15T04:45+01:00,-300.5
2024-12-15T05:00+01:00,-256.75
2024-12-15T05:15+01:00,-256.75
2024-12-15T05:30+01:00,-256.75
2024-12-15T05:45+01:00,-243.30175
2024-12-15T06:00+01:00,-82.5
2024-12-15T06:15+01:00,-70
2024-12-15T06:30+01:00,-57.5
2024-12-15T06:45+01:00,-57.5
2024-12-15T07:00+01:00,-39.5
2024-12-15T07:15+01:00,-39.5
2024-12-15T07:30+01:00,-39.5
2024-12-15T07:45+01:00,-39.5
2024-12-15T08:00+01:00,-24.75
2024-12-15T08:15+01:00,-24.75
2024-12-15T08:30+01:00,-24.75
2024-12-15T08:45+01:00,-24.75
2024-12-15T09:00+01:00,-143
2024-12-15T09:15+01:00,-143
2024-12-15T09:30+01:00,-194.9275
2024-12-15T09:45+01:00,-195.5675
2024-12-15T10:00+01:00,-202.786
2024-12-15T10:15+01:00,-202.77125
2024-12-15T10:30+01:00,-217.773
2024-12-15T10:45+01:00,-217.803
2024-12-15T11:00+01:00,-320.34025
2024-12-15T11:15+01:00,-320.44175
2024-12-15T11:30+01:00,-320.5935
2024-12-15T11:45+01:00,-321.00025
2024-12-15T12:00+01:00,-364.88925
2024-12-15T12:15+01:00,-365.48375
2024-12-15T12:30+01:00,-366.00275
2024-12-15T12:45+01:00,-378.82825
2024-12-15T13:00+01:00,-451.46975
2024-12-15T13:15+01:00,-452.3675
2024-12-15T13:30+01:00,-453.2085
2024-12-15T13:45+01:00,-454.36875
2024-12-15T14:00+01:00,-474.49825
2024-12-15T14:15+01:00,-476.13375
2024-12-15T14:30+01:00,-477.676
2024-12-15T14:45+01:00,-479.03925
2024-12-15T15:00+01:00,-503.0435
2024-12-15T15:15+01:00,-541.15675
2024-12-15T15:30+01:00,-548.90775
2024-12-15T15:45+01:00,-574.31225
2024-12-15T16:00+01:00,-581.04425
2024-12-15T16:15+01:00,-580.85725
2024-12-15T16:30+01:00,-580.609
2024-12-15T16:45+01:00,-580.39975
2024-12-15T17:00+01:00,-687.15825
2024-12-15T17:15+01:00,-686.67475
2024-12-15T17:30+01:00,-686.18275
2024-12-15T17:45+01:00,-685.70275
2024-12-15T18:00+01:00,-684.5665
2024-12-15T18:15+01:00,-684.43025
2024-12-15T18:30+01:00,-684.287
2024-12-15T18:45+01:00,-684.31075
2024-12-15T19:00+01:00,-685.1475
2024-12-15T19:15+01:00,-685.5445
2024-12-15T19:30+01:00,-685.7835
2024-12-15T19:45+01:00,-685.9845
2024-12-15T20:00+01:00,-663.3025
2024-12-15T20:15+01:00,-663.444
2024-12-15T20:30+01:00,-663.55825
2024-12-15T20:45+01:00,-663.61825
2024-12-15T21:00+01:00,-717.721
2024-12-15T21:15+01:00,-730.64025
2024-12-15T21:30+01:00,-793.53
2024-12-15T21:45+01:00,-793.9425
2024-12-15T22:00+01:00,-737.0865
2024-12-15T22:15+01:00,-737.43475
2024-12-15T22:30+01:00,-675.22375
2024-12-15T22:45+01:00,-650.658
2024-12-15T23:00+01:00,-521.85425
2024-12-15T23:15+01:00,-497.27775
2024-12-15T23:30+01:00,-485.161
2024-12-15T23:45+01:00,-473.024
2024-12-16T00:00+01:00,-234.47475
2024-12-16T00:15+01:00,-198.98825
2024-12-16T00:30+01:00,-175.75175
2024-12-16T00:45+01:00,-164.1675
2024-12-16T01:00+01:00,-166.30975
2024-12-16T01:15+01:00,-167.9615
2024-12-16T01:30+01:00,-169.43525
2024-12-16T01:45+01:00,-258.34375
2024-12-16T02:00+01:00,-280
2024-12-16T02:15+01:00,-280
2024-12-16T02:30+01:00,-280
2024-12-16T02:45+01:00,-280
2024-12-16T03:00+01:00,-205
2024-12-16T03:15+01:00,-205
2024-12-16T03:30+01:00,-205
2024-12-16T03:45+01:00,-205
2024-12-16T04:00+01:00,-217.5
2024-12-16T04:15+01:00,-230
2024-12-16T04:30+01:00,-317.5
2024-12-16T04:45+01:00,-405
2024-12-16T05:00+01:00,-480
2024-12-16T05:15+01:00,-530
2024-12-16T05:30+01:00,-530
2024-12-16T05:45+01:00,-530
2024-12-16T06:00+01:00,-593.6495
2024-12-16T06:15+01:00,-593.63975
2024-12-16T06:30+01:00,-593.63025
2024-12-16T06:45+01:00,-593.6245
2024-12-16T07:00+01:00,-618.566
2024-12-16T07:15+01:00,-643.3445
2024-12-16T07:30+01:00,-718.49775
2024-12-16T07:45+01:00,-817.99475
2024-12-16T08:00+01:00,-815.75
2024-12-16T08:15+01:00,-816.25
2024-12-16T08:30+01:00,-816.5
2024-12-16T08:45+01:00,-817
2024-12-16T09:00+01:00,-805
2024-12-16T09:15+01:00,-804.75
2024-12-16T09:30+01:00,-804.5
2024-12-16T09:45+01:00,-729.25
2024-12-16T10:00+01:00,-666.5
2024-12-16T10:15+01:00,-665.5
2024-12-16T10:30+01:00,-664.5
2024-12-16T10:45+01:00,-663.5
2024-12-16T11:00+01:00,-617.5
2024-12-16T11:15+01:00,-592.5
2024-12-16T11:30+01:00,-592.5
2024-12-16T11:45+01:00,-592.5
2024-12-16T12:00+01:00,-592.5
2024-12-16T12:15+01:00,-592.5
2024-12-16T12:30+01:00,-592.5
2024-12-16T12:45+01:00,-592.5
2024-12-16T13:00+01:00,-592.5
2024-12-16T13:15+01:00,-580
2024-12-16T13:30+01:00,-580
2024-12-16T13:45+01:00,-580
2024-12-16T14:00+01:00,-580
2024-12-16T14:15+01:00,-580
2024-12-16T14:30+01:00,-580
2024-12-16T14:45+01:00,-622.4265
2024-12-16T15:00+01:00,-722.17275
2024-12-16T15:15+01:00,-723.3505
2024-12-16T15:30+01:00,-724.5295
2024-12-16T15:45+01:00,-725.74375
2024-12-16T16:00+01:00,-726.9175
2024-12-16T16:15+01:00,-726.73625
2024-12-16T16:30+01:00,-726.5145
2024-12-16T16:45+01:00,-725.97725
2024-12-16T17:00+01:00,-725.42525
2024-12-16T17:15+01:00,-725.7525
2024-12-16T17:30+01:00,-726.08525
2024-12-16T17:45+01:00,-726.119
2024-12-16T18:00+01:00,-726.09025
2024-12-16T18:15+01:00,-725.291
2024-12-16T18:30+01:00,-724.01225
2024-12-16T18:45+01:00,-722.88375
2024-12-16T19:00+01:00,-721.83675
2024-12-16T19:15+01:00,-721.38925
2024-12-16T19:30+01:00,-862.165
2024-12-16T19:45+01:00,-881.01075
2024-12-16T20:00+01:00,-882.40525
2024-12-16T20:15+01:00,-881.109
2024-12-16T20:30+01:00,-880.015
2024-12-16T20:45+01:00,-878.882
2024-12-16T21:00+01:00,-877.706
2024-12-16T21:15+01:00,-877.157
2024-12-16T21:30+01:00,-876.6035
2024-12-16T21:45+01:00,-976.1415
2024-12-16T22:00+01:00,-974.4045
2024-12-16T22:15+01:00,-973.2365
2024-12-16T22:30+01:00,-971.80175
2024-12-16T22:45+01:00,-1032.31475
2024-12-16T23:00+01:00,-1030.5935
2024-12-16T23:15+01:00,-1028.544
2024-12-16T23:30+01:00,-1026.493
2024-12-16T23:45+01:00,-1024.487
2024-12-17T00:00+01:00,-1033.73775
2024-12-17T00:15+01:00,-1034.38725
2024-12-17T00:30+01:00,-1034.36875
2024-12-17T00:45+01:00,-1167.205
2024-12-17T01:00+01:00,-1163.27275
2024-12-17T01:15+01:00,-1162.364
2024-12-17T01:30+01:00,-1274.12975
2024-12-17T01:45+01:00,-1323.41525
2024-12-17T02:00+01:00,-1345.076
2024-12-17T02:15+01:00,-1344.83125
2024-12-17T02:30+01:00,-1344.84575
2024-12-17T02:45+01:00,-1344.268
2024-12-17T03:00+01:00,-1475.41825
2024-12-17T03:15+01:00,-1468.36675
2024-12-17T03:30+01:00,-1461.2705
2024-12-17T03:45+01:00,-1453.88675
2024-12-17T04:00+01:00,-1546.106
2024-12-17T04:15+01:00,-1567.40375
2024-12-17T04:30+01:00,-1563.533
2024-12-17T04:45+01:00,-1558.73075
2024-12-17T05:00+01:00,-1556.55225
2024-12-17T05:15+01:00,-1543.52675
2024-12-17T05:30+01:00,-1530.3285
2024-12-17T05:45+01:00,-1516.2315
2024-12-17T06:00+01:00,-1371.485
2024-12-17T06:15+01:00,-1356.3885
2024-12-17T06:30+01:00,-1338.37625
2024-12-17T06:45+01:00,-1320.8755
2024-12-17T07:00+01:00,-1259.4885
2024-12-17T07:15+01:00,-1245.67975
2024-12-17T07:30+01:00,-1230.59275
2024-12-17T07:45+01:00,-1215.00775
2024-12-17T08:00+01:00,-1130.3345
2024-12-17T08:15+01:00,-1126.1085
2024-12-17T08:30+01:00,-1014.6785
2024-12-17T08:45+01:00,-985.6555
2024-12-17T09:00+01:00,-803.2375
2024-12-17T09:15+01:00,-730
2024-12-17T09:30+01:00,-685
2024-12-17T09:45+01:00,-535
2024-12-17T10:00+01:00,-510
2024-12-17T10:15+01:00,-497.5
2024-12-17T10:30+01:00,-505.3635
2024-12-17T10:45+01:00,-569.40975
2024-12-17T11:00+01:00,-583.39475
2024-12-17T11:15+01:00,-585.13325
2024-12-17T11:30+01:00,-661.8705
2024-12-17T11:45+01:00,-663.82525
2024-12-17T12:00+01:00,-665.81225
2024-12-17T12:15+01:00,-662.76675
2024-12-17T12:30+01:00,-784.7655
2024-12-17T12:45+01:00,-781.85375
2024-12-17T13:00+01:00,-752.785
2024-12-17T13:15+01:00,-747.492
2024-12-17T13:30+01:00,-742.14925
2024-12-17T13:45+01:00,-711.7355
2024-12-17T14:00+01:00,-693.959
2024-12-17T14:15+01:00,-689.937
2024-12-17T14:30+01:00,-686.023
2024-12-17T14:45+01:00,-669.55625
2024-12-17T15:00+01:00,-640.761
2024-12-17T15:15+01:00,-639.07725
2024-12-17T15:30+01:00,-637.34775
2024-12-17T15:45+01:00,-610.94375
2024-12-17T16:00+01:00,-546.827
2024-12-17T16:15+01:00,-495.022
2024-12-17T16:30+01:00,-417.9755
2024-12-17T16:45+01:00,-291.55
2024-12-17T17:00+01:00,-47.5
2024-12-17T17:15+01:00,-47.5
2024-12-17T17:30+01:00,-47.5
2024-12-17T17:45+01:00,-47.5
2024-12-17T18:00+01:00,-47.5
2024-12-17T18:15+01:00,-47.5
2024-12-17T18:30+01:00,-47.5
2024-12-17T18:45+01:00,-47.5
2024-12-17T19:00+01:00,-47.5
2024-12-17T19:15+01:00,-47.5
2024-12-17T19:30+01:00,-47.5
2024-12-17T19:45+01:00,-47.5
2024-12-17T20:00+01:00,-47.5
2024-12-17T20:15+01:00,-47.5
2024-12-17T20:30+01:00,-47.5
2024-12-17T20:45+01:00,-47.5
2024-12-17T21:00+01:00,-47.5
2024-12-17T21:15+01:00,-47.5
2024-12-17T21:30+01:00,-47.5
2024-12-17T21:45+01:00,-47.5
2024-12-17T22:00+01:00,-47.5
2024-12-17T22:15+01:00,-47.5
2024-12-17T22:30+01:00,-47.5
2024-12-17T22:45+01:00,-47.5
2024-12-17T23:00+01:00,-47.5
2024-12-17T23:15+01:00,-47.5
2024-12-17T23:30+01:00,-47.5
2024-12-17T23:45+01:00,-47.5
2024-12-18T00:00+01:00,
2024-12-18T00:15+01:00,
2024-12-18T00:30+01:00,
2024-12-18T00:45+01:00,
2024-12-18T01:00+01:00,
2024-12-18T01:15+01:00,
2024-12-18T01:30+01:00,
2024-12-18T01:45+01:00,
2024-12-18T02:00+01:00,
2024-12-18T02:15+01:00,-7.5
2024-12-18T02:30+01:00,-7.5
2024-12-18T02:45+01:00,-7.5
2024-12-18T03:00+01:00,-7.5
2024-12-18T03:15+01:00,-7.5
2024-12-18T03:30+01:00,-7.5
2024-12-18T03:45+01:00,-7.5
2024-12-18T04:00+01:00,-7.5
2024-12-18T04:15+01:00,-7.5
2024-12-18T04:30+01:00,-7.5
2024-12-18T04:45+01:00,-7.5
2024-12-18T05:00+01:00,-7.5
2024-12-18T05:15+01:00,-7.5
2024-12-18T05:30+01:00,-90
2024-12-18T05:45+01:00,-90
2024-12-18T06:00+01:00,-165
2024-12-18T06:15+01:00,-165
2024-12-18T06:30+01:00,-165
2024-12-18T06:45+01:00,-165
2024-12-18T07:00+01:00,-165
2024-12-18T07:15+01:00,-165
2024-12-18T07:30+01:00,-165
2024-12-18T07:45+01:00,-165
2024-12-18T08:00+01:00,-165
2024-12-18T08:15+01:00,-165
2024-12-18T08:30+01:00,-165
2024-12-18T08:45+01:00,-165
2024-12-18T09:00+01:00,-165
2024-12-18T09:15+01:00,-165
2024-12-18T09:30+01:00,-165
2024-12-18T09:45+01:00,-165
2024-12-18T10:00+01:00,-165
2024-12-18T10:15+01:00,-165
2024-12-18T10:30+01:00,-165
2024-12-18T10:45+01:00,-227.5
2024-12-18T11:00+01:00,-402.5
2024-12-18T11:15+01:00,-415
2024-12-18T11:30+01:00,-415
2024-12-18T11:45+01:00,-415
2024-12-18T12:00+01:00,-415
2024-12-18T12:15+01:00,-415
2024-12-18T12:30+01:00,-415
2024-12-18T12:45+01:00,-415
2024-12-18T13:00+01:00,-415
2024-12-18T13:15+01:00,-415
2024-12-18T13:30+01:00,-432.5
2024-12-18T13:45+01:00,-445
2024-12-18T14:00+01:00,-453.75
2024-12-18T14:15+01:00,-465
2024-12-18T14:30+01:00,-480
2024-12-18T14:45+01:00,-495
2024-12-18T15:00+01:00,-485
2024-12-18T15:15+01:00,-495
2024-12-18T15:30+01:00,-501.25
2024-12-18T15:45+01:00,-490
2024-12-18T16:00+01:00,-355
2024-12-18T16:15+01:00,-340
2024-12-18T16:30+01:00,-332.5
2024-12-18T16:45+01:00,-332.5
2024-12-18T17:00+01:00,-322.5
2024-12-18T17:15+01:00,-335
2024-12-18T17:30+01:00,-385
2024-12-18T17:45+01:00,-422.5
2024-12-18T18:00+01:00,-422.5
2024-12-18T18:15+01:00,-422.5
2024-12-18T18:30+01:00,-422.5
2024-12-18T18:45+01:00,-472.5
2024-12-18T19:00+01:00,-492.5
2024-12-18T19:15+01:00,-492.5
2024-12-18T19:30+01:00,-492.5
2024-12-18T19:45+01:00,-492.5
2024-12-18T20:00+01:00,-492.5
2024-12-18T20:15+01:00,-492.5
2024-12-18T20:30+01:00,-485
2024-12-18T20:45+01:00,-485
2024-12-18T21:00+01:00,-435
2024-12-18T21:15+01:00,-410
2024-12-18T21:30+01:00,-410
2024-12-18T21:45+01:00,-410
2024-12-18T22:00+01:00,-400
2024-12-18T22:15+01:00,-400
2024-12-18T22:30+01:00,-381.25
2024-12-18T22:45+01:00,-350
2024-12-18T23:00+01:00,-377.5
2024-12-18T23:15+01:00,-397.5
2024-12-18T23:30+01:00,-332.5
2024-12-18T23:45+01:00,-257.5
2024-12-19T00:00+01:00,-46.25
2024-12-19T00:15+01:00,-8.75
2024-12-19T00:30+01:00,-8.75
2024-12-19T00:45+01:00,-18.75
2024-12-19T01:00+01:00,-17.5
2024-12-19T01:15+01:00,-17.5
2024-12-19T01:30+01:00,-17.5
2024-12-19T01:45+01:00,-17.5
2024-12-19T02:00+01:00,-17.5
2024-12-19T02:15+01:00,-17.5
2024-12-19T02:30+01:00,-17.5
2024-12-19T02:45+01:00,-27.5
2024-12-19T03:00+01:00,-28.75
2024-12-19T03:15+01:00,-28.75
2024-12-19T03:30+01:00,-28.75
2024-12-19T03:45+01:00,-28.75
2024-12-19T04:00+01:00,-28.75
2024-12-19T04:15+01:00,-28.75
2024-12-19T04:30+01:00,-28.75
2024-12-19T04:45+01:00,-28.75
2024-12-19T05:00+01:00,-32.5
2024-12-19T05:15+01:00,-40
2024-12-19T05:30+01:00,-27.5
2024-12-19T05:45+01:00,-40.5
2024-12-19T06:00+01:00,-190
2024-12-19T06:15+01:00,-222.5
2024-12-19T06:30+01:00,-244
2024-12-19T06:45+01:00,-266.5
2024-12-19T07:00+01:00,-400
2024-12-19T07:15+01:00,-486.25
2024-12-19T07:30+01:00,-526.25
2024-12-19T07:45+01:00,-600
2024-12-19T08:00+01:00,-543.5
2024-12-19T08:15+01:00,-532.75
2024-12-19T08:30+01:00,-545.25
2024-12-19T08:45+01:00,-627.75
2024-12-19T09:00+01:00,-600.75
2024-12-19T09:15+01:00,-587
2024-12-19T09:30+01:00,-689.5
2024-12-19T09:45+01:00,-747.97475
2024-12-19T10:00+01:00,-756.6425
2024-12-19T10:15+01:00,-781.8255
2024-12-19T10:30+01:00,-781.95925
2024-12-19T10:45+01:00,-782.13375
2024-12-19T11:00+01:00,-734.2505
2024-12-19T11:15+01:00,-694.926
2024-12-19T11:30+01:00,-670.41425
2024-12-19T11:45+01:00,-670.73825
2024-12-19T12:00+01:00,-475
2024-12-19T12:15+01:00,-362.5
2024-12-19T12:30+01:00,-247.5
2024-12-19T12:45+01:00,-210
2024-12-19T13:00+01:00,-161.33025
2024-12-19T13:15+01:00,-151.3875
2024-12-19T13:30+01:00,-146.056
2024-12-19T13:45+01:00,-141.48525
2024-12-19T14:00+01:00,-224.3725
2024-12-19T14:15+01:00,-203.0555
2024-12-19T14:30+01:00,-194.30375
2024-12-19T14:45+01:00,-185.332
2024-12-19T15:00+01:00,-157.75
2024-12-19T15:15+01:00,-132.75
2024-12-19T15:30+01:00,-107.75
2024-12-19T15:45+01:00,-82.75
2024-12-19T16:00+01:00,-85.5
2024-12-19T16:15+01:00,-85.5
2024-12-19T16:30+01:00,-85.5
2024-12-19T16:45+01:00,-85.5
2024-12-19T17:00+01:00,-103.5
2024-12-19T17:15+01:00,-103.5
2024-12-19T17:30+01:00,-103.5
2024-12-19T17:45+01:00,-103.5
2024-12-19T18:00+01:00,-88
2024-12-19T18:15+01:00,-88
2024-12-19T18:30+01:00,-88
2024-12-19T18:45+01:00,-88
2024-12-19T19:00+01:00,-78.75
2024-12-19T19:15+01:00,-78.75
2024-12-19T19:30+01:00,-78.75
2024-12-19T19:45+01:00,-78.75
2024-12-19T20:00+01:00,-79.5
2024-12-19T20:15+01:00,-79.5
2024-12-19T20:30+01:00,-79.5
2024-12-19T20:45+01:00,-79.5
2024-12-19T21:00+01:00,-142.25
2024-12-19T21:15+01:00,-192.25
2024-12-19T21:30+01:00,-192.25
2024-12-19T21:45+01:00,-262
2024-12-19T22:00+01:00,-365.75
2024-12-19T22:15+01:00,-365.75
2024-12-19T22:30+01:00,-365.75
2024-12-19T22:45+01:00,-365.75
2024-12-19T23:00+01:00,-579.25
2024-12-19T23:15+01:00,-572.25
2024-12-19T23:30+01:00,-571.75
2024-12-19T23:45+01:00,-597
2024-12-20T00:00+01:00,-415
2024-12-20T00:15+01:00,-415
2024-12-20T00:30+01:00,-415
2024-12-20T00:45+01:00,-415
2024-12-20T01:00+01:00,-415
2024-12-20T01:15+01:00,-465
2024-12-20T01:30+01:00,-465
2024-12-20T01:45+01:00,-465
2024-12-20T02:00+01:00,-465
2024-12-20T02:15+01:00,-465
2024-12-20T02:30+01:00,-465
2024-12-20T02:45+01:00,-465
2024-12-20T03:00+01:00,-465
2024-12-20T03:15+01:00,-465
2024-12-20T03:30+01:00,-465
2024-12-20T03:45+01:00,-465
2024-12-20T04:00+01:00,-465
2024-12-20T04:15+01:00,-465
2024-12-20T04:30+01:00,-465
2024-12-20T04:45+01:00,-465
2024-12-20T05:00+01:00,-465
2024-12-20T05:15+01:00,-465
2024-12-20T05:30+01:00,-465
2024-12-20T05:45+01:00,-465
2024-12-20T06:00+01:00,-415
2024-12-20T06:15+01:00,-415
2024-12-20T06:30+01:00,-415
2024-12-20T06:45+01:00,-415
2024-12-20T07:00+01:00,-390
2024-12-20T07:15+01:00,-390
2024-12-20T07:30+01:00,-390
2024-12-20T07:45+01:00,-390
2024-12-20T08:00+01:00,-415
2024-12-20T08:15+01:00,-465
2024-12-20T08:30+01:00,-445
2024-12-20T08:45+01:00,-445
2024-12-20T09:00+01:00,-377.5
2024-12-20T09:15+01:00,-325
2024-12-20T09:30+01:00,-353.53675
2024-12-20T09:45+01:00,-321.8485
2024-12-20T10:00+01:00,-330.013
2024-12-20T10:15+01:00,-280.632
2024-12-20T10:30+01:00,-271.3635
2024-12-20T10:45+01:00,-296.944
2024-12-20T11:00+01:00,-322.41625
2024-12-20T11:15+01:00,-335.08725
2024-12-20T11:30+01:00,-335.16125
2024-12-20T11:45+01:00,-335.808
2024-12-20T12:00+01:00,-322.5
2024-12-20T12:15+01:00,-322.5
2024-12-20T12:30+01:00,-360
2024-12-20T12:45+01:00,-381.987
2024-12-20T13:00+01:00,-381.88125
2024-12-20T13:15+01:00,-381.30725
2024-12-20T13:30+01:00,-379.163
2024-12-20T13:45+01:00,-377.73125
2024-12-20T14:00+01:00,-365.832
2024-12-20T14:15+01:00,-364.32425
2024-12-20T14:30+01:00,-350.1615
2024-12-20T14:45+01:00,-336.03025
2024-12-20T15:00+01:00,-189.35675
2024-12-20T15:15+01:00,-165
2024-12-20T15:30+01:00,-102.5
2024-12-20T15:45+01:00,-102.5
2024-12-20T16:00+01:00,-102.5
2024-12-20T16:15+01:00,-102.5
2024-12-20T16:30+01:00,-102.5
2024-12-20T16:45+01:00,-102.5
2024-12-20T17:00+01:00,-102.5
2024-12-20T17:15+01:00,-102.5
2024-12-20T17:30+01:00,-102.5
2024-12-20T17:45+01:00,-102.5
2024-12-20T18:00+01:00,-77.5
2024-12-20T18:15+01:00,-77.5
2024-12-20T18:30+01:00,-77.5
2024-12-20T18:45+01:00,-77.5
2024-12-20T19:00+01:00,-85
2024-12-20T19:15+01:00,-85
2024-12-20T19:30+01:00,-85
2024-12-20T19:45+01:00,-85
2024-12-20T20:00+01:00,-85
2024-12-20T20:15+01:00,-85
2024-12-20T20:30+01:00,-72.5
2024-12-20T20:45+01:00,-72.5
2024-12-20T21:00+01:00,-67.5
2024-12-20T21:15+01:00,-67.5
2024-12-20T21:30+01:00,-67.5
2024-12-20T21:45+01:00,-67.5
2024-12-20T22:00+01:00,-67.5
2024-12-20T22:15+01:00,-67.5
2024-12-20T22:30+01:00,-67.5
2024-12-20T22:45+01:00,-67.5
2024-12-20T23:00+01:00,-67.5
2024-12-20T23:15+01:00,-67.5
2024-12-20T23:30+01:00,-67.5
2024-12-20T23:45+01:00,-67.5
2024-12-21T00:00+01:00,-419.25
2024-12-21T00:15+01:00,-419.25
2024-12-21T00:30+01:00,-419.25
2024-12-21T00:45+01:00,-419.25
2024-12-21T01:00+01:00,-328.744
2024-12-21T01:15+01:00,-329.63325
2024-12-21T01:30+01:00,-349.25
2024-12-21T01:45+01:00,-349.25
2024-12-21T02:00+01:00,-388.75
2024-12-21T02:15+01:00,-388.75
2024-12-21T02:30+01:00,-388.75
2024-12-21T02:45+01:00,-388.75
2024-12-21T03:00+01:00,-358
2024-12-21T03:15+01:00,-358
2024-12-21T03:30+01:00,-358
2024-12-21T03:45+01:00,-358
2024-12-21T04:00+01:00,-364.75
2024-12-21T04:15+01:00,-364.75
2024-12-21T04:30+01:00,-364.75
2024-12-21T04:45+01:00,-364.75
2024-12-21T05:00+01:00,-304.75
2024-12-21T05:15+01:00,-304.75
2024-12-21T05:30+01:00,-304.75
2024-12-21T05:45+01:00,-304.75
2024-12-21T06:00+01:00,-288.5
2024-12-21T06:15+01:00,-288.5
2024-12-21T06:30+01:00,-288.5
2024-12-21T06:45+01:00,-288.5
2024-12-21T07:00+01:00,-301.25
2024-12-21T07:15+01:00,-301.25
2024-12-21T07:30+01:00,-301.25
2024-12-21T07:45+01:00,-301.25
2024-12-21T08:00+01:00,-301
2024-12-21T08:15+01:00,-301
2024-12-21T08:30+01:00,-301
2024-12-21T08:45+01:00,-301
2024-12-21T09:00+01:00,-224.75
2024-12-21T09:15+01:00,-224.75
2024-12-21T09:30+01:00,-249.75
2024-12-21T09:45+01:00,-274.75
2024-12-21T10:00+01:00,-425.75
2024-12-21T10:15+01:00,-450.75
2024-12-21T10:30+01:00,-450.75
2024-12-21T10:45+01:00,-450.75
2024-12-21T11:00+01:00,-376.5
2024-12-21T11:15+01:00,-376.5
2024-12-21T11:30+01:00,-401.5
2024-12-21T11:45+01:00,-426.5
2024-12-21T12:00+01:00,-472.25
2024-12-21T12:15+01:00,-484.75
2024-12-21T12:30+01:00,-484.75
2024-12-21T12:45+01:00,-497.25
2024-12-21T13:00+01:00,-584.25
2024-12-21T13:15+01:00,-609.25
2024-12-21T13:30+01:00,-634.25
2024-12-21T13:45+01:00,-646.75
2024-12-21T14:00+01:00,-538.25
2024-12-21T14:15+01:00,-538.25
2024-12-21T14:30+01:00,-538.25
2024-12-21T14:45+01:00,-538.25
2024-12-21T15:00+01:00,-540.75
2024-12-21T15:15+01:00,-540.75
2024-12-21T15:30+01:00,-540.75
2024-12-21T15:45+01:00,-540.75
2024-12-21T16:00+01:00,-569
2024-12-21T16:15+01:00,-569
2024-12-21T16:30+01:00,-569
2024-12-21T16:45+01:00,-569
2024-12-21T17:00+01:00,-670.75
2024-12-21T17:15+01:00,-670.75
2024-12-21T17:30+01:00,-683.25
2024-12-21T17:45+01:00,-683.25
2024-12-21T18:00+01:00,-772.75
2024-12-21T18:15+01:00,-772.75
2024-12-21T18:30+01:00,-772.75
2024-12-21T18:45+01:00,-772.75
2024-12-21T19:00+01:00,-721.25
2024-12-21T19:15+01:00,-721.25
2024-12-21T19:30+01:00,-721.25
2024-12-21T19:45+01:00,-733.75
2024-12-21T20:00+01:00,-670.75
2024-12-21T20:15+01:00,-670.75
2024-12-21T20:30+01:00,-670.75
2024-12-21T20:45+01:00,-670.75
2024-12-21T21:00+01:00,-593.25
2024-12-21T21:15+01:00,-543.25
2024-12-21T21:30+01:00,-493.25
2024-12-21T21:45+01:00,-430.75
2024-12-21T22:00+01:00,-402.60075
2024-12-21T22:15+01:00,-363.44425
2024-12-21T22:30+01:00,-354.21175
2024-12-21T22:45+01:00,-327.34525
2024-12-21T23:00+01:00,-359.05625
2024-12-21T23:15+01:00,-322.1925
2024-12-21T23:30+01:00,-318.27525
2024-12-21T23:45+01:00,-295.25
2024-12-22T00:00+01:00,-50
2024-12-22T00:15+01:00,-50
2024-12-22T00:30+01:00,-50
2024-12-22T00:45+01:00,-25
2024-12-22T01:00+01:00,-15
2024-12-22T01:15+01:00,-15
2024-12-22T01:30+01:00,-15
2024-12-22T01:45+01:00,-15
2024-12-22T02:00+01:00,-15
2024-12-22T02:15+01:00,-15
2024-12-22T02:30+01:00,-15
2024-12-22T02:45+01:00,-15
2024-12-22T03:00+01:00,-15
2024-12-22T03:15+01:00,-15
2024-12-22T03:30+01:00,-15
2024-12-22T03:45+01:00,-15
2024-12-22T04:00+01:00,-15
2024-12-22T04:15+01:00,-15
2024-12-22T04:30+01:00,-15
2024-12-22T04:45+01:00,-15
2024-12-22T05:00+01:00,-15
2024-12-22T05:15+01:00,-15
2024-12-22T05:30+01:00,-15
2024-12-22T05:45+01:00,-15
2024-12-22T06:00+01:00,-25.5
2024-12-22T06:15+01:00,-25.5
2024-12-22T06:30+01:00,-27
2024-12-22T06:45+01:00,-27
2024-12-22T07:00+01:00,-115.5
2024-12-22T07:15+01:00,-105.5
2024-12-22T07:30+01:00,-95.5
2024-12-22T07:45+01:00,-83
2024-12-22T08:00+01:00,-39
2024-12-22T08:15+01:00,-41
2024-12-22T08:30+01:00,-41
2024-12-22T08:45+01:00,-39
2024-12-22T09:00+01:00,-30.25
2024-12-22T09:15+01:00,-30.25
2024-12-22T09:30+01:00,-30.25
2024-12-22T09:45+01:00,-30.25
2024-12-22T10:00+01:00,-82
2024-12-22T10:15+01:00,-20.75
2024-12-22T10:30+01:00,-20.75
2024-12-22T10:45+01:00,-30.75
2024-12-22T11:00+01:00,-28.25
2024-12-22T11:15+01:00,-28.25
2024-12-22T11:30+01:00,-28.25
2024-12-22T11:45+01:00,-28.25
2024-12-22T12:00+01:00,-15
2024-12-22T12:15+01:00,-15
2024-12-22T12:30+01:00,-15
2024-12-22T12:45+01:00,-15
2024-12-22T13:00+01:00,-15
2024-12-22T13:15+01:00,-15
2024-12-22T13:30+01:00,-15
2024-12-22T13:45+01:00,-15
2024-12-22T14:00+01:00,-15
2024-12-22T14:15+01:00,-15
2024-12-22T14:30+01:00,-15
2024-12-22T14:45+01:00,-15
2024-12-22T15:00+01:00,-15
2024-12-22T15:15+01:00,-15
2024-12-22T15:30+01:00,-16.5
2024-12-22T15:45+01:00,-16.5
2024-12-22T16:00+01:00,-27.5
2024-12-22T16:15+01:00,-27.5
2024-12-22T16:30+01:00,-27.5
2024-12-22T16:45+01:00,-27.5
2024-12-22T17:00+01:00,-30.5
2024-12-22T17:15+01:00,-30.5
2024-12-22T17:30+01:00,-30.5
2024-12-22T17:45+01:00,-30.5
2024-12-22T18:00+01:00,-32.5
2024-12-22T18:15+01:00,-32.5
2024-12-22T18:30+01:00,-32.5
2024-12-22T18:45+01:00,-32.5
2024-12-22T19:00+01:00,-31
2024-12-22T19:15+01:00,-31
2024-12-22T19:30+01:00,-31
2024-12-22T19:45+01:00,-31
2024-12-22T20:00+01:00,-34
2024-12-22T20:15+01:00,-34
2024-12-22T20:30+01:00,-34
2024-12-22T20:45+01:00,-34
2024-12-22T21:00+01:00,-33.5
2024-12-22T21:15+01:00,-33.5
2024-12-22T21:30+01:00,-33.5
2024-12-22T21:45+01:00,-33.5
2024-12-22T22:00+01:00,-33.5
2024-12-22T22:15+01:00,-94.75
2024-12-22T22:30+01:00,-94.75
2024-12-22T22:45+01:00,-94.75
2024-12-22T23:00+01:00,-128.25
2024-12-22T23:15+01:00,-128.25
2024-12-22T23:30+01:00,-128.25
2024-12-22T23:45+01:00,-128.25
2024-12-23T00:00+01:00,
2024-12-23T00:15+01:00,
2024-12-23T00:30+01:00,
2024-12-23T00:45+01:00,
2024-12-23T01:00+01:00,
2024-12-23T01:15+01:00,
2024-12-23T01:30+01:00,
2024-12-23T01:45+01:00,
2024-12-23T02:00+01:00,-100
2024-12-23T02:15+01:00,-100
2024-12-23T02:30+01:00,-100
2024-12-23T02:45+01:00,-100
2024-12-23T03:00+01:00,-100
2024-12-23T03:15+01:00,-100
2024-12-23T03:30+01:00,-100
2024-12-23T03:45+01:00,-100
2024-12-23T04:00+01:00,-100
2024-12-23T04:15+01:00,-100
2024-12-23T04:30+01:00,-135
2024-12-23T04:45+01:00,-172.5
2024-12-23T05:00+01:00,-180
2024-12-23T05:15+01:00,-212.5
2024-12-23T05:30+01:00,-237.5
2024-12-23T05:45+01:00,-237.5
2024-12-23T06:00+01:00,-112.5
2024-12-23T06:15+01:00,-122.5
2024-12-23T06:30+01:00,-322.5
2024-12-23T06:45+01:00,-322.5
2024-12-23T07:00+01:00,-322.5
2024-12-23T07:15+01:00,-322.5
2024-12-23T07:30+01:00,-322.5
2024-12-23T07:45+01:00,-322.5
2024-12-23T08:00+01:00,-322.5
2024-12-23T08:15+01:00,-435
2024-12-23T08:30+01:00,-447.5
2024-12-23T08:45+01:00,-447.5
2024-12-23T09:00+01:00,-447.5
2024-12-23T09:15+01:00,-447.5
2024-12-23T09:30+01:00,-447.5
2024-12-23T09:45+01:00,-447.5
2024-12-23T10:00+01:00,-447.5
2024-12-23T10:15+01:00,-447.5
2024-12-23T10:30+01:00,-447.5
2024-12-23T10:45+01:00,-447.5
2024-12-23T11:00+01:00,-447.5
2024-12-23T11:15+01:00,-457.5
2024-12-23T11:30+01:00,-514.36275
2024-12-23T11:45+01:00,-515.0075
2024-12-23T12:00+01:00,-580.34225
2024-12-23T12:15+01:00,-581.8405
2024-12-23T12:30+01:00,-583.202
2024-12-23T12:45+01:00,-701.83025
2024-12-23T13:00+01:00,-769.3355
2024-12-23T13:15+01:00,-803.4465
2024-12-23T13:30+01:00,-829.692
2024-12-23T13:45+01:00,-833.048
2024-12-23T14:00+01:00,-776.15025
2024-12-23T14:15+01:00,-755.10575
2024-12-23T14:30+01:00,-657.56925
2024-12-23T14:45+01:00,-658.60225
2024-12-23T15:00+01:00,-669.44
2024-12-23T15:15+01:00,-568.18825
2024-12-23T15:30+01:00,-568.12325
2024-12-23T15:45+01:00,-566.9435
2024-12-23T16:00+01:00,-561.41875
2024-12-23T16:15+01:00,-560.3565
2024-12-23T16:30+01:00,-476.81125
2024-12-23T16:45+01:00,-469.412
2024-12-23T17:00+01:00,-461.49425
2024-12-23T17:15+01:00,-469.3765
2024-12-23T17:30+01:00,-495.89375
2024-12-23T17:45+01:00,-496.0405
2024-12-23T18:00+01:00,-494.9215
2024-12-23T18:15+01:00,-488.95325
2024-12-23T18:30+01:00,-488.084
2024-12-23T18:45+01:00,-486.31175
2024-12-23T19:00+01:00,-464.06375
2024-12-23T19:15+01:00,-461.12475
2024-12-23T19:30+01:00,-457.98425
2024-12-23T19:45+01:00,-464.60125
2024-12-23T20:00+01:00,-406.06475
2024-12-23T20:15+01:00,-417.16725
2024-12-23T20:30+01:00,-432.0745
2024-12-23T20:45+01:00,-434.5095
2024-12-23T21:00+01:00,-196.84825
2024-12-23T21:15+01:00,-189.15975
2024-12-23T21:30+01:00,-186.45775
2024-12-23T21:45+01:00,-183.7715
2024-12-23T22:00+01:00,-130
2024-12-23T22:15+01:00,-100
2024-12-23T22:30+01:00,
2024-12-23T22:45+01:00,
2024-12-23T23:00+01:00,
2024-12-23T23:15+01:00,
2024-12-23T23:30+01:00,
2024-12-23T23:45+01:00,
2024-12-24T00:00+01:00,
2024-12-24T00:15+01:00,
2024-12-24T00:30+01:00,
2024-12-24T00:45+01:00,
2024-12-24T01:00+01:00,
2024-12-24T01:15+01:00,
2024-12-24T01:30+01:00,
2024-12-24T01:45+01:00,
2024-12-24T02:00+01:00,
2024-12-24T02:15+01:00,
2024-12-24T02:30+01:00,
2024-12-24T02:45+01:00,
2024-12-24T03:00+01:00,
2024-12-24T03:15+01:00,
2024-12-24T03:30+01:00,
2024-12-24T03:45+01:00,
2024-12-24T04:00+01:00,
2024-12-24T04:15+01:00,
2024-12-24T04:30+01:00,
2024-12-24T04:45+01:00,
2024-12-24T05:00+01:00,
2024-12-24T05:15+01:00,
2024-12-24T05:30+01:00,
2024-12-24T05:45+01:00,
2024-12-24T06:00+01:00,
2024-12-24T06:15+01:00,
2024-12-24T06:30+01:00,
2024-12-24T06:45+01:00,
2024-12-24T07:00+01:00,
2024-12-24T07:15+01:00,
2024-12-24T07:30+01:00,
2024-12-24T07:45+01:00,
2024-12-24T08:00+01:00,
2024-12-24T08:15+01:00,
2024-12-24T08:30+01:00,
2024-12-24T08:45+01:00,
2024-12-24T09:00+01:00,
2024-12-24T09:15+01:00,
2024-12-24T09:30+01:00,
2024-12-24T09:45+01:00,
2024-12-24T10:00+01:00,
2024-12-24T10:15+01:00,
2024-12-24T10:30+01:00,
2024-12-24T10:45+01:00,
2024-12-24T11:00+01:00,-14.5
2024-12-24T11:15+01:00,-14.5
2024-12-24T11:30+01:00,-14.5
2024-12-24T11:45+01:00,-14.5
2024-12-24T12:00+01:00,-12.75
2024-12-24T12:15+01:00,-12.75
2024-12-24T12:30+01:00,-12.75
2024-12-24T12:45+01:00,-12.75
2024-12-24T13:00+01:00,
2024-12-24T13:15+01:00,
2024-12-24T13:30+01:00,
2024-12-24T13:45+01:00,
2024-12-24T14:00+01:00,
2024-12-24T14:15+01:00,
2024-12-24T14:30+01:00,
2024-12-24T14:45+01:00,
2024-12-24T15:00+01:00,
2024-12-24T15:15+01:00,
2024-12-24T15:30+01:00,
2024-12-24T15:45+01:00,
2024-12-24T16:00+01:00,
2024-12-24T16:15+01:00,
2024-12-24T16:30+01:00,
2024-12-24T16:45+01:00,
2024-12-24T17:00+01:00,
2024-12-24T17:15+01:00,
2024-12-24T17:30+01:00,
2024-12-24T17:45+01:00,
2024-12-24T18:00+01:00,
2024-12-24T18:15+01:00,
2024-12-24T18:30+01:00,
2024-12-24T18:45+01:00,
2024-12-24T19:00+01:00,
2024-12-24T19:15+01:00,
2024-12-24T19:30+01:00,
2024-12-24T19:45+01:00,
2024-12-24T20:00+01:00,
2024-12-24T20:15+01:00,
2024-12-24T20:30+01:00,
2024-12-24T20:45+01:00,
2024-12-24T21:00+01:00,
2024-12-24T21:15+01:00,
2024-12-24T21:30+01:00,
2024-12-24T21:45+01:00,
2024-12-24T22:00+01:00,
2024-12-24T22:15+01:00,
2024-12-24T22:30+01:00,
2024-12-24T22:45+01:00,
2024-12-24T23:00+01:00,
2024-12-24T23:15+01:00,
2024-12-24T23:30+01:00,
2024-12-24T23:45+01:00,
2024-12-25T00:00+01:00,
2024-12-25T00:15+01:00,
2024-12-25T00:30+01:00,
2024-12-25T00:45+01:00,
2024-12-25T01:00+01:00,
2024-12-25T01:15+01:00,
2024-12-25T01:30+01:00,
2024-12-25T01:45+01:00,
2024-12-25T02:00+01:00,
2024-12-25T02:15+01:00,
2024-12-25T02:30+01:00,
2024-12-25T02:45+01:00,
2024-12-25T03:00+01:00,
2024-12-25T03:15+01:00,
2024-12-25T03:30+01:00,
2024-12-25T03:45+01:00,
2024-12-25T04:00+01:00,
2024-12-25T04:15+01:00,
2024-12-25T04:30+01:00,
2024-12-25T04:45+01:00,
2024-12-25T05:00+01:00,
2024-12-25T05:15+01:00,
2024-12-25T05:30+01:00,
2024-12-25T05:45+01:00,
2024-12-25T06:00+01:00,
2024-12-25T06:15+01:00,
2024-12-25T06:30+01:00,
2024-12-25T06:45+01:00,
2024-12-25T07:00+01:00,
2024-12-25T07:15+01:00,
2024-12-25T07:30+01:00,
2024-12-25T07:45+01:00,
2024-12-25T08:00+01:00,
2024-12-25T08:15+01:00,
2024-12-25T08:30+01:00,
2024-12-25T08:45+01:00,
2024-12-25T09:00+01:00,
2024-12-25T09:15+01:00,
2024-12-25T09:30+01:00,
2024-12-25T09:45+01:00,
2024-12-25T10:00+01:00,
2024-12-25T10:15+01:00,
2024-12-25T10:30+01:00,
2024-12-25T10:45+01:00,
2024-12-25T11:00+01:00,
2024-12-25T11:15+01:00,
2024-12-25T11:30+01:00,
2024-12-25T11:45+01:00,
2024-12-25T12:00+01:00,
2024-12-25T12:15+01:00,
2024-12-25T12:30+01:00,
2024-12-25T12:45+01:00,
2024-12-25T13:00+01:00,
2024-12-25T13:15+01:00,
2024-12-25T13:30+01:00,
2024-12-25T13:45+01:00,
2024-12-25T14:00+01:00,
2024-12-25T14:15+01:00,
2024-12-25T14:30+01:00,
2024-12-25T14:45+01:00,
2024-12-25T15:00+01:00,
2024-12-25T15:15+01:00,
2024-12-25T15:30+01:00,
2024-12-25T15:45+01:00,
2024-12-25T16:00+01:00,
2024-12-25T16:15+01:00,
2024-12-25T16:30+01:00,
2024-12-25T16:45+01:00,
2024-12-25T17:00+01:00,
2024-12-25T17:15+01:00,
2024-12-25T17:30+01:00,
2024-12-25T17:45+01:00,
2024-12-25T18:00+01:00,
2024-12-25T18:15+01:00,
2024-12-25T18:30+01:00,
2024-12-25T18:45+01:00,
2024-12-25T19:00+01:00,
2024-12-25T19:15+01:00,
2024-12-25T19:30+01:00,
2024-12-25T19:45+01:00,
2024-12-25T20:00+01:00,
2024-12-25T20:15+01:00,
2024-12-25T20:30+01:00,
2024-12-25T20:45+01:00,
2024-12-25T21:00+01:00,
2024-12-25T21:15+01:00,
2024-12-25T21:30+01:00,
2024-12-25T21:45+01:00,
2024-12-25T22:00+01:00,
2024-12-25T22:15+01:00,
2024-12-25T22:30+01:00,
2024-12-25T22:45+01:00,
2024-12-25T23:00+01:00,
2024-12-25T23:15+01:00,
2024-12-25T23:30+01:00,
2024-12-25T23:45+01:00,
2024-12-26T00:00+01:00,
2024-12-26T00:15+01:00,
2024-12-26T00:30+01:00,
2024-12-26T00:45+01:00,
2024-12-26T01:00+01:00,
2024-12-26T01:15+01:00,
2024-12-26T01:30+01:00,
2024-12-26T01:45+01:00,
2024-12-26T02:00+01:00,
2024-12-26T02:15+01:00,
2024-12-26T02:30+01:00,
2024-12-26T02:45+01:00,
2024-12-26T03:00+01:00,
2024-12-26T03:15+01:00,
2024-12-26T03:30+01:00,
2024-12-26T03:45+01:00,
2024-12-26T04:00+01:00,
2024-12-26T04:15+01:00,
2024-12-26T04:30+01:00,
2024-12-26T04:45+01:00,
2024-12-26T05:00+01:00,
2024-12-26T05:15+01:00,
2024-12-26T05:30+01:00,
2024-12-26T05:45+01:00,
2024-12-26T06:00+01:00,
2024-12-26T06:15+01:00,
2024-12-26T06:30+01:00,
2024-12-26T06:45+01:00,
2024-12-26T07:00+01:00,
2024-12-26T07:15+01:00,
2024-12-26T07:30+01:00,
2024-12-26T07:45+01:00,
2024-12-26T08:00+01:00,
2024-12-26T08:15+01:00,
2024-12-26T08:30+01:00,
2024-12-26T08:45+01:00,
2024-12-26T09:00+01:00,
2024-12-26T09:15+01:00,
2024-12-26T09:30+01:00,
2024-12-26T09:45+01:00,
2024-12-26T10:00+01:00,
2024-12-26T10:15+01:00,
2024-12-26T10:30+01:00,
2024-12-26T10:45+01:00,
2024-12-26T11:00+01:00,
2024-12-26T11:15+01:00,
2024-12-26T11:30+01:00,
2024-12-26T11:45+01:00,
2024-12-26T12:00+01:00,
2024-12-26T12:15+01:00,
2024-12-26T12:30+01:00,
2024-12-26T12:45+01:00,
2024-12-26T13:00+01:00,
2024-12-26T13:15+01:00,
2024-12-26T13:30+01:00,
2024-12-26T13:45+01:00,
2024-12-26T14:00+01:00,
2024-12-26T14:15+01:00,
2024-12-26T14:30+01:00,
2024-12-26T14:45+01:00,
2024-12-26T15:00+01:00,
2024-12-26T15:15+01:00,
2024-12-26T15:30+01:00,
2024-12-26T15:45+01:00,
2024-12-26T16:00+01:00,
2024-12-26T16:15+01:00,
2024-12-26T16:30+01:00,
2024-12-26T16:45+01:00,
2024-12-26T17:00+01:00,
2024-12-26T17:15+01:00,
2024-12-26T17:30+01:00,
2024-12-26T17:45+01:00,
2024-12-26T18:00+01:00,
2024-12-26T18:15+01:00,
2024-12-26T18:30+01:00,
2024-12-26T18:45+01:00,
2024-12-26T19:00+01:00,
2024-12-26T19:15+01:00,
2024-12-26T19:30+01:00,
2024-12-26T19:45+01:00,
2024-12-26T20:00+01:00,
2024-12-26T20:15+01:00,
2024-12-26T20:30+01:00,
2024-12-26T20:45+01:00,
2024-12-26T21:00+01:00,
2024-12-26T21:15+01:00,
2024-12-26T21:30+01:00,
2024-12-26T21:45+01:00,
2024-12-26T22:00+01:00,
2024-12-26T22:15+01:00,
2024-12-26T22:30+01:00,
2024-12-26T22:45+01:00,
2024-12-26T23:00+01:00,
2024-12-26T23:15+01:00,
2024-12-26T23:30+01:00,
2024-12-26T23:45+01:00,
2024-12-27T00:00+01:00,
2024-12-27T00:15+01:00,
2024-12-27T00:30+01:00,
2024-12-27T00:45+01:00,
2024-12-27T01:00+01:00,
2024-12-27T01:15+01:00,
2024-12-27T01:30+01:00,
2024-12-27T01:45+01:00,
2024-12-27T02:00+01:00,
2024-12-27T02:15+01:00,
2024-12-27T02:30+01:00,
2024-12-27T02:45+01:00,
2024-12-27T03:00+01:00,
2024-12-27T03:15+01:00,
2024-12-27T03:30+01:00,
2024-12-27T03:45+01:00,
2024-12-27T04:00+01:00,
2024-12-27T04:15+01:00,
2024-12-27T04:30+01:00,
2024-12-27T04:45+01:00,
2024-12-27T05:00+01:00,
2024-12-27T05:15+01:00,
2024-12-27T05:30+01:00,
2024-12-27T05:45+01:00,
2024-12-27T06:00+01:00,
2024-12-27T06:15+01:00,
2024-12-27T06:30+01:00,
2024-12-27T06:45+01:00,
2024-12-27T07:00+01:00,
2024-12-27T07:15+01:00,
2024-12-27T07:30+01:00,
2024-12-27T07:45+01:00,
2024-12-27T08:00+01:00,
2024-12-27T08:15+01:00,
2024-12-27T08:30+01:00,
2024-12-27T08:45+01:00,
2024-12-27T09:00+01:00,
2024-12-27T09:15+01:00,
2024-12-27T09:30+01:00,
2024-12-27T09:45+01:00,
2024-12-27T10:00+01:00,
2024-12-27T10:15+01:00,
2024-12-27T10:30+01:00,
2024-12-27T10:45+01:00,
2024-12-27T11:00+01:00,
2024-12-27T11:15+01:00,
2024-12-27T11:30+01:00,
2024-12-27T11:45+01:00,
2024-12-27T12:00+01:00,
2024-12-27T12:15+01:00,
2024-12-27T12:30+01:00,
2024-12-27T12:45+01:00,
2024-12-27T13:00+01:00,
2024-12-27T13:15+01:00,
2024-12-27T13:30+01:00,
2024-12-27T13:45+01:00,
2024-12-27T14:00+01:00,
2024-12-27T14:15+01:00,
2024-12-27T14:30+01:00,
2024-12-27T14:45+01:00,
2024-12-27T15:00+01:00,
2024-12-27T15:15+01:00,
2024-12-27T15:30+01:00,
2024-12-27T15:45+01:00,
2024-12-27T16:00+01:00,
2024-12-27T16:15+01:00,
2024-12-27T16:30+01:00,
2024-12-27T16:45+01:00,
2024-12-27T17:00+01:00,
2024-12-27T17:15+01:00,
2024-12-27T17:30+01:00,
2024-12-27T17:45+01:00,
2024-12-27T18:00+01:00,
2024-12-27T18:15+01:00,
2024-12-27T18:30+01:00,
2024-12-27T18:45+01:00,
2024-12-27T19:00+01:00,
2024-12-27T19:15+01:00,
2024-12-27T19:30+01:00,
2024-12-27T19:45+01:00,
2024-12-27T20:00+01:00,
2024-12-27T20:15+01:00,
2024-12-27T20:30+01:00,
2024-12-27T20:45+01:00,
2024-12-27T21:00+01:00,
2024-12-27T21:15+01:00,
2024-12-27T21:30+01:00,
2024-12-27T21:45+01:00,
2024-12-27T22:00+01:00,
2024-12-27T22:15+01:00,
2024-12-27T22:30+01:00,
2024-12-27T22:45+01:00,
2024-12-27T23:00+01:00,
2024-12-27T23:15+01:00,
2024-12-27T23:30+01:00,
2024-12-27T23:45+01:00,
2024-12-28T00:00+01:00,
2024-12-28T00:15+01:00,
2024-12-28T00:30+01:00,
2024-12-28T00:45+01:00,
2024-12-28T01:00+01:00,
2024-12-28T01:15+01:00,
2024-12-28T01:30+01:00,
2024-12-28T01:45+01:00,
2024-12-28T02:00+01:00,
2024-12-28T02:15+01:00,
2024-12-28T02:30+01:00,
2024-12-28T02:45+01:00,
2024-12-28T03:00+01:00,
2024-12-28T03:15+01:00,
2024-12-28T03:30+01:00,
2024-12-28T03:45+01:00,
2024-12-28T04:00+01:00,
2024-12-28T04:15+01:00,
2024-12-28T04:30+01:00,
2024-12-28T04:45+01:00,
2024-12-28T05:00+01:00,
2024-12-28T05:15+01:00,
2024-12-28T05:30+01:00,
2024-12-28T05:45+01:00,
2024-12-28T06:00+01:00,
2024-12-28T06:15+01:00,
2024-12-28T06:30+01:00,
2024-12-28T06:45+01:00,
2024-12-28T07:00+01:00,
2024-12-28T07:15+01:00,
2024-12-28T07:30+01:00,
2024-12-28T07:45+01:00,
2024-12-28T08:00+01:00,
2024-12-28T08:15+01:00,
2024-12-28T08:30+01:00,
2024-12-28T08:45+01:00,
2024-12-28T09:00+01:00,
2024-12-28T09:15+01:00,
2024-12-28T09:30+01:00,
2024-12-28T09:45+01:00,
2024-12-28T10:00+01:00,
2024-12-28T10:15+01:00,
2024-12-28T10:30+01:00,
2024-12-28T10:45+01:00,
2024-12-28T11:00+01:00,
2024-12-28T11:15+01:00,
2024-12-28T11:30+01:00,
2024-12-28T11:45+01:00,
2024-12-28T12:00+01:00,
2024-12-28T12:15+01:00,
2024-12-28T12:30+01:00,
2024-12-28T12:45+01:00,
2024-12-28T13:00+01:00,
2024-12-28T13:15+01:00,
2024-12-28T13:30+01:00,
2024-12-28T13:45+01:00,
2024-12-28T14:00+01:00,
2024-12-28T14:15+01:00,
2024-12-28T14:30+01:00,
2024-12-28T14:45+01:00,
2024-12-28T15:00+01:00,
2024-12-28T15:15+01:00,
2024-12-28T15:30+01:00,
2024-12-28T15:45+01:00,
2024-12-28T16:00+01:00,
2024-12-28T16:15+01:00,
2024-12-28T16:30+01:00,
2024-12-28T16:45+01:00,
2024-12-28T17:00+01:00,
2024-12-28T17:15+01:00,
2024-12-28T17:30+01:00,
2024-12-28T17:45+01:00,
2024-12-28T18:00+01:00,
2024-12-28T18:15+01:00,
2024-12-28T18:30+01:00,
2024-12-28T18:45+01:00,
2024-12-28T19:00+01:00,
2024-12-28T19:15+01:00,
2024-12-28T19:30+01:00,
2024-12-28T19:45+01:00,
2024-12-28T20:00+01:00,
2024-12-28T20:15+01:00,
2024-12-28T20:30+01:00,
2024-12-28T20:45+01:00,
2024-12-28T21:00+01:00,
2024-12-28T21:15+01:00,
2024-12-28T21:30+01:00,
2024-12-28T21:45+01:00,
2024-12-28T22:00+01:00,
2024-12-28T22:15+01:00,
2024-12-28T22:30+01:00,
2024-12-28T22:45+01:00,
2024-12-28T23:00+01:00,
2024-12-28T23:15+01:00,
2024-12-28T23:30+01:00,
2024-12-28T23:45+01:00,
2024-12-29T00:00+01:00,
2024-12-29T00:15+01:00,
2024-12-29T00:30+01:00,
2024-12-29T00:45+01:00,
2024-12-29T01:00+01:00,
2024-12-29T01:15+01:00,
2024-12-29T01:30+01:00,
2024-12-29T01:45+01:00,
2024-12-29T02:00+01:00,
2024-12-29T02:15+01:00,
2024-12-29T02:30+01:00,
2024-12-29T02:45+01:00,
2024-12-29T03:00+01:00,
2024-12-29T03:15+01:00,
2024-12-29T03:30+01:00,
2024-12-29T03:45+01:00,
2024-12-29T04:00+01:00,
2024-12-29T04:15+01:00,
2024-12-29T04:30+01:00,
2024-12-29T04:45+01:00,
2024-12-29T05:00+01:00,
2024-12-29T05:15+01:00,
2024-12-29T05:30+01:00,
2024-12-29T05:45+01:00,
2024-12-29T06:00+01:00,
2024-12-29T06:15+01:00,
2024-12-29T06:30+01:00,
2024-12-29T06:45+01:00,
2024-12-29T07:00+01:00,
2024-12-29T07:15+01:00,
2024-12-29T07:30+01:00,
2024-12-29T07:45+01:00,
2024-12-29T08:00+01:00,
2024-12-29T08:15+01:00,
2024-12-29T08:30+01:00,
2024-12-29T08:45+01:00,
2024-12-29T09:00+01:00,
2024-12-29T09:15+01:00,
2024-12-29T09:30+01:00,
2024-12-29T09:45+01:00,
2024-12-29T10:00+01:00,
2024-12-29T10:15+01:00,
2024-12-29T10:30+01:00,
2024-12-29T10:45+01:00,
2024-12-29T11:00+01:00,
2024-12-29T11:15+01:00,
2024-12-29T11:30+01:00,
2024-12-29T11:45+01:00,
2024-12-29T12:00+01:00,
2024-12-29T12:15+01:00,
2024-12-29T12:30+01:00,
2024-12-29T12:45+01:00,
2024-12-29T13:00+01:00,
2024-12-29T13:15+01:00,
2024-12-29T13:30+01:00,
2024-12-29T13:45+01:00,
2024-12-29T14:00+01:00,
2024-12-29T14:15+01:00,
2024-12-29T14:30+01:00,-5
2024-12-29T14:45+01:00,-9.75
2024-12-29T15:00+01:00,-59.25
2024-12-29T15:15+01:00,-46.75
2024-12-29T15:30+01:00,-46.75
2024-12-29T15:45+01:00,-46.75
2024-12-29T16:00+01:00,-59
2024-12-29T16:15+01:00,-59
2024-12-29T16:30+01:00,-59
2024-12-29T16:45+01:00,-59
2024-12-29T17:00+01:00,
2024-12-29T17:15+01:00,
2024-12-29T17:30+01:00,
2024-12-29T17:45+01:00,
2024-12-29T18:00+01:00,
2024-12-29T18:15+01:00,
2024-12-29T18:30+01:00,
2024-12-29T18:45+01:00,
2024-12-29T19:00+01:00,-1.5
2024-12-29T19:15+01:00,-1.5
2024-12-29T19:30+01:00,-1.5
2024-12-29T19:45+01:00,-101.5
2024-12-29T20:00+01:00,-101.25
2024-12-29T20:15+01:00,-101.25
2024-12-29T20:30+01:00,-101.25
2024-12-29T20:45+01:00,-101.25
2024-12-29T21:00+01:00,-101.25
2024-12-29T21:15+01:00,-101.25
2024-12-29T21:30+01:00,-101.25
2024-12-29T21:45+01:00,-101.25
2024-12-29T22:00+01:00,-101.25
2024-12-29T22:15+01:00,-101.25
2024-12-29T22:30+01:00,-101.25
2024-12-29T22:45+01:00,-101.25
2024-12-29T23:00+01:00,-105.25
2024-12-29T23:15+01:00,-105.25
2024-12-29T23:30+01:00,-105.25
2024-12-29T23:45+01:00,-105.25
2024-12-30T00:00+01:00,-100
2024-12-30T00:15+01:00,-107.5
2024-12-30T00:30+01:00,-107.5
2024-12-30T00:45+01:00,-107.5
2024-12-30T01:00+01:00,-107.5
2024-12-30T01:15+01:00,-107.5
2024-12-30T01:30+01:00,-207.5
2024-12-30T01:45+01:00,-257.5
2024-12-30T02:00+01:00,-257.5
2024-12-30T02:15+01:00,-257.5
2024-12-30T02:30+01:00,-257.5
2024-12-30T02:45+01:00,-257.5
2024-12-30T03:00+01:00,-257.5
2024-12-30T03:15+01:00,-257.5
2024-12-30T03:30+01:00,-257.5
2024-12-30T03:45+01:00,-257.5
2024-12-30T04:00+01:00,-257.5
2024-12-30T04:15+01:00,-257.5
2024-12-30T04:30+01:00,-257.5
2024-12-30T04:45+01:00,-257.5
2024-12-30T05:00+01:00,-257.5
2024-12-30T05:15+01:00,-257.5
2024-12-30T05:30+01:00,-257.5
2024-12-30T05:45+01:00,-407.5
2024-12-30T06:00+01:00,-532
2024-12-30T06:15+01:00,-532
2024-12-30T06:30+01:00,-557
2024-12-30T06:45+01:00,-694.303
2024-12-30T07:00+01:00,-651.7085
2024-12-30T07:15+01:00,-652.22875
2024-12-30T07:30+01:00,-652.7125
2024-12-30T07:45+01:00,-653.23475
2024-12-30T08:00+01:00,-725.77425
2024-12-30T08:15+01:00,-726.69225
2024-12-30T08:30+01:00,-727.37725
2024-12-30T08:45+01:00,-728.037
2024-12-30T09:00+01:00,-783.15725
2024-12-30T09:15+01:00,-784.71825
2024-12-30T09:30+01:00,-785.77925
2024-12-30T09:45+01:00,-786.6995
2024-12-30T10:00+01:00,-762.84075
2024-12-30T10:15+01:00,-764.46475
2024-12-30T10:30+01:00,-827.58625
2024-12-30T10:45+01:00,-828.41
2024-12-30T11:00+01:00,-917.11425
2024-12-30T11:15+01:00,-919.1705
2024-12-30T11:30+01:00,-928.6715
2024-12-30T11:45+01:00,-930.68425
2024-12-30T12:00+01:00,-784.617
2024-12-30T12:15+01:00,-667.64825
2024-12-30T12:30+01:00,-668.93625
2024-12-30T12:45+01:00,-670.38525
2024-12-30T13:00+01:00,-671.63625
2024-12-30T13:15+01:00,-672.68025
2024-12-30T13:30+01:00,-673.6165
2024-12-30T13:45+01:00,-674.42825
2024-12-30T14:00+01:00,-675.17175
2024-12-30T14:15+01:00,-677.52825
2024-12-30T14:30+01:00,-679.8065
2024-12-30T14:45+01:00,-681.8455
2024-12-30T15:00+01:00,-652.75675
2024-12-30T15:15+01:00,-658.28675
2024-12-30T15:30+01:00,-663.77625
2024-12-30T15:45+01:00,-669.3075
2024-12-30T16:00+01:00,-674.67675
2024-12-30T16:15+01:00,-676.588
2024-12-30T16:30+01:00,-678.44
2024-12-30T16:45+01:00,-680.10975
2024-12-30T17:00+01:00,-681.7255
2024-12-30T17:15+01:00,-682.858
2024-12-30T17:30+01:00,-683.94125
2024-12-30T17:45+01:00,-684.876
2024-12-30T18:00+01:00,-685.748
2024-12-30T18:15+01:00,-686.20875
2024-12-30T18:30+01:00,-686.59275
2024-12-30T18:45+01:00,-686.9785
2024-12-30T19:00+01:00,-687.3845
2024-12-30T19:15+01:00,-687.84675
2024-12-30T19:30+01:00,-688.3795
2024-12-30T19:45+01:00,-788.90975
2024-12-30T20:00+01:00,-789.44975
2024-12-30T20:15+01:00,-789.69175
2024-12-30T20:30+01:00,-789.90575
2024-12-30T20:45+01:00,-790.06975
2024-12-30T21:00+01:00,-865.209
2024-12-30T21:15+01:00,-864.91
2024-12-30T21:30+01:00,-864.597
2024-12-30T21:45+01:00,-871.78725
2024-12-30T22:00+01:00,-871.458
2024-12-30T22:15+01:00,-870.45025
2024-12-30T22:30+01:00,-869.42775
2024-12-30T22:45+01:00,-918.28425
2024-12-30T23:00+01:00,-917.119
2024-12-30T23:15+01:00,-914.2765
2024-12-30T23:30+01:00,-911.40725
2024-12-30T23:45+01:00,-908.41625
2024-12-31T00:00+01:00,-965.95
2024-12-31T00:15+01:00,-896.49
2024-12-31T00:30+01:00,-861.8475
2024-12-31T00:45+01:00,-828.07125
2024-12-31T01:00+01:00,-768.8835
2024-12-31T01:15+01:00,-765.28675
2024-12-31T01:30+01:00,-760.9735
2024-12-31T01:45+01:00,-756.7105
2024-12-31T02:00+01:00,-752.22125
2024-12-31T02:15+01:00,-749.70825
2024-12-31T02:30+01:00,-747.0725
2024-12-31T02:45+01:00,-744.2135
2024-12-31T03:00+01:00,-711.64425
2024-12-31T03:15+01:00,-684.294
2024-12-31T03:30+01:00,-656.958
2024-12-31T03:45+01:00,-629.869
2024-12-31T04:00+01:00,-602.725
2024-12-31T04:15+01:00,-575.27975
2024-12-31T04:30+01:00,-572.7025
2024-12-31T04:45+01:00,-569.96775
2024-12-31T05:00+01:00,-567.2185
2024-12-31T05:15+01:00,-566.20475
2024-12-31T05:30+01:00,-565.1765
2024-12-31T05:45+01:00,-564.29575
2024-12-31T06:00+01:00,-566.616
2024-12-31T06:15+01:00,-565.28225
2024-12-31T06:30+01:00,-563.79825
2024-12-31T06:45+01:00,-562.026
2024-12-31T07:00+01:00,-558.322
2024-12-31T07:15+01:00,-557.70875
2024-12-31T07:30+01:00,-557.3035
2024-12-31T07:45+01:00,-557.08525
2024-12-31T08:00+01:00,-568.96825
2024-12-31T08:15+01:00,-568.246
2024-12-31T08:30+01:00,-567.54775
2024-12-31T08:45+01:00,-567.1015
2024-12-31T09:00+01:00,-599.49925
2024-12-31T09:15+01:00,-612.475
2024-12-31T09:30+01:00,-615.4635
2024-12-31T09:45+01:00,-603.6295
2024-12-31T10:00+01:00,-604.04775
2024-12-31T10:15+01:00,-614.1495
2024-12-31T10:30+01:00,-620.482
2024-12-31T10:45+01:00,-634.3795
2024-12-31T11:00+01:00,-621.72675
2024-12-31T11:15+01:00,-635.89425
2024-12-31T11:30+01:00,-649.9905
2024-12-31T11:45+01:00,-689.4115
2024-12-31T12:00+01:00,-665.33675
2024-12-31T12:15+01:00,-666.571
2024-12-31T12:30+01:00,-668.0645
2024-12-31T12:45+01:00,-675.94625
2024-12-31T13:00+01:00,-662.275
2024-12-31T13:15+01:00,-663.88225
2024-12-31T13:30+01:00,-665.41075
2024-12-31T13:45+01:00,-692.24925
2024-12-31T14:00+01:00,-744.0795
2024-12-31T14:15+01:00,-744.4815
2024-12-31T14:30+01:00,-744.86825
2024-12-31T14:45+01:00,-755.45975
2024-12-31T15:00+01:00,-649.75
2024-12-31T15:15+01:00,-627.25
2024-12-31T15:30+01:00,-621
2024-12-31T15:45+01:00,-608.5
2024-12-31T16:00+01:00,-699.75
2024-12-31T16:15+01:00,-699.75
2024-12-31T16:30+01:00,-699.75
2024-12-31T16:45+01:00,-699.75
2024-12-31T17:00+01:00,-792.185
2024-12-31T17:15+01:00,-792.25
2024-12-31T17:30+01:00,-792.25
2024-12-31T17:45+01:00,-819.75
2024-12-31T18:00+01:00,-758.5
2024-12-31T18:15+01:00,-758.5
2024-12-31T18:30+01:00,-767.25
2024-12-31T18:45+01:00,-758.5
2024-12-31T19:00+01:00,-712.25
2024-12-31T19:15+01:00,-712.25
2024-12-31T19:30+01:00,-712.5
2024-12-31T19:45+01:00,-712.5
2024-12-31T20:00+01:00,-593.5
2024-12-31T20:15+01:00,-506
2024-12-31T20:30+01:00,-443.5
2024-12-31T20:45+01:00,-461
2024-12-31T21:00+01:00,-501.25
2024-12-31T21:15+01:00,-448.75
2024-12-31T21:30+01:00,-446.75
2024-12-31T21:45+01:00,-449.75
2024-12-31T22:00+01:00,-674
2024-12-31T22:15+01:00,-674
2024-12-31T22:30+01:00,-674
2024-12-31T22:45+01:00,-674
2024-12-31T23:00+01:00,-686.75
2024-12-31T23:15+01:00,-686.75
2024-12-31T23:30+01:00,-686.75
2024-12-31T23:45+01:00,-686.75